Instance Name,API Name,Instance Memory,vCPUs,Linux On Demand cost,Linux Spot cost,Windows On Demand cost,Windows Spot cost
A2 Highgpu 1g,a2-highgpu-1g,85 GiB,12,€0.7319 hourly,€0.1866 hourly,€1.2028 hourly,€0.6576 hourly
A2 Highgpu 2g,a2-highgpu-2g,170 GiB,24,€1.4637 hourly,€0.3732 hourly,€2.4057 hourly,€1.3151 hourly
A2 Highgpu 4g,a2-highgpu-4g,340 GiB,48,€2.9275 hourly,€0.7464 hourly,€4.8114 hourly,€2.6303 hourly
A2 Highgpu 8g,a2-highgpu-8g,680 GiB,96,€5.855 hourly,€1.4928 hourly,€9.6227 hourly,€5.2605 hourly
A2 Megagpu 16g,a2-megagpu-16g,1360 GiB,96,€8.7065 hourly,€2.2198 hourly,€12.4742 hourly,€5.9875 hourly
A2 Ultragpu 1g,a2-ultragpu-1g,170 GiB,12,€1.0883 hourly,€0.2775 hourly,€1.5593 hourly,€0.7484 hourly
A2 Ultragpu 2g,a2-ultragpu-2g,340 GiB,24,€2.1766 hourly,€0.5549 hourly,€3.1186 hourly,€1.4969 hourly
A2 Ultragpu 4g,a2-ultragpu-4g,680 GiB,48,€4.3532 hourly,€1.1099 hourly,€6.2371 hourly,€2.9937 hourly
A2 Ultragpu 8g,a2-ultragpu-8g,1360 GiB,96,€8.7065 hourly,€2.2198 hourly,€12.4742 hourly,€5.9875 hourly
A3 Edgegpu 8g,a3-edgegpu-8g,1872 GiB,208,€9.3628 hourly,€1.6852 hourly,€17.5262 hourly,€9.8486 hourly
A3 Edgegpu 8g nolssd,a3-edgegpu-8g-nolssd,1872 GiB,208,€9.3628 hourly,€1.6852 hourly,€17.5262 hourly,€9.8486 hourly
A3 Highgpu 1g,a3-highgpu-1g,234 GiB,26,€1.1703 hourly,€0.2107 hourly,€2.1908 hourly,€1.2311 hourly
A3 Highgpu 2g,a3-highgpu-2g,468 GiB,52,€2.3407 hourly,€0.4213 hourly,€4.3815 hourly,€2.4622 hourly
A3 Highgpu 4g,a3-highgpu-4g,936 GiB,104,€4.6814 hourly,€0.8426 hourly,€8.7631 hourly,€4.9243 hourly
A3 Highgpu 8g,a3-highgpu-8g,1872 GiB,208,€9.3628 hourly,€1.6852 hourly,€17.5262 hourly,€9.8486 hourly
A3 Megagpu 8g,a3-megagpu-8g,1872 GiB,208,€9.3628 hourly,€1.6852 hourly,€17.5262 hourly,€9.8486 hourly
A3 Ultragpu 8g,a3-ultragpu-8g,2952 GiB,224,€12.1398 hourly,€2.1854 hourly,€20.9312 hourly,€10.9768 hourly
A3 Ultragpu 8g nolssd,a3-ultragpu-8g-nolssd,2952 GiB,224,€12.1398 hourly,€2.1854 hourly,€20.9312 hourly,€10.9768 hourly
C2 Standard 16,c2-standard-16,64 GiB,16,€0.7189 hourly,€0.1569 hourly,€1.3469 hourly,€0.7849 hourly
C2 Standard 30,c2-standard-30,120 GiB,30,€1.348 hourly,€0.2942 hourly,€2.5254 hourly,€1.4716 hourly
C2 Standard 4,c2-standard-4,16 GiB,4,€0.1797 hourly,€0.0392 hourly,€0.3367 hourly,€0.1962 hourly
C2 Standard 60,c2-standard-60,240 GiB,60,€2.6959 hourly,€0.5885 hourly,€5.0508 hourly,€2.9433 hourly
C2 Standard 8,c2-standard-8,32 GiB,8,€0.3595 hourly,€0.0785 hourly,€0.6734 hourly,€0.3924 hourly
C3 High CPU 176,c3-highcpu-176,352 GiB,176,€0.6521 hourly,€2.2197 hourly,€7.5597 hourly,€9.1272 hourly
C3 High CPU 192 metal,c3-highcpu-192-metal,512 GiB,192,€0.7613 hourly,€2.592 hourly,€8.2968 hourly,€10.1275 hourly
C3 High CPU 22,c3-highcpu-22,44 GiB,22,€0.0815 hourly,€0.2775 hourly,€0.945 hourly,€1.1409 hourly
C3 High CPU 4,c3-highcpu-4,8 GiB,4,€0.0148 hourly,€0.0504 hourly,€0.1718 hourly,€0.2074 hourly
C3 High CPU 44,c3-highcpu-44,88 GiB,44,€0.163 hourly,€0.5549 hourly,€1.8899 hourly,€2.2818 hourly
C3 High CPU 8,c3-highcpu-8,16 GiB,8,€0.0296 hourly,€0.1009 hourly,€0.3436 hourly,€0.4149 hourly
C3 High CPU 88,c3-highcpu-88,176 GiB,88,€0.3261 hourly,€1.1099 hourly,€3.7798 hourly,€4.5636 hourly
C3 High Memory 176,c3-highmem-176,1408 GiB,176,€1.0637 hourly,€3.6261 hourly,€7.9712 hourly,€10.5337 hourly
C3 High Memory 192 metal,c3-highmem-192-metal,1536 GiB,192,€1.1604 hourly,€3.9558 hourly,€8.6959 hourly,€11.4913 hourly
C3 High Memory 22,c3-highmem-22,176 GiB,22,€0.133 hourly,€0.4533 hourly,€0.9964 hourly,€1.3167 hourly
C3 High Memory 4,c3-highmem-4,32 GiB,4,€0.0242 hourly,€0.0824 hourly,€0.1812 hourly,€0.2394 hourly
C3 High Memory 44,c3-highmem-44,352 GiB,44,€0.2659 hourly,€0.9065 hourly,€1.9928 hourly,€2.6334 hourly
C3 High Memory 8,c3-highmem-8,64 GiB,8,€0.0484 hourly,€0.1648 hourly,€0.3623 hourly,€0.4788 hourly
C3 High Memory 88,c3-highmem-88,704 GiB,88,€0.5319 hourly,€1.8131 hourly,€3.9856 hourly,€5.2668 hourly
C3 Standard 176,c3-standard-176,704 GiB,176,€0.7893 hourly,€2.6885 hourly,€7.6969 hourly,€9.596 hourly
C3 Standard 176 lssd,c3-standard-176-lssd,704 GiB,176,€0.7893 hourly,€2.6885 hourly,€7.6969 hourly,€9.596 hourly
C3 Standard 192 metal,c3-standard-192-metal,768 GiB,192,€0.8611 hourly,€2.9329 hourly,€8.3966 hourly,€10.4684 hourly
C3 Standard 22,c3-standard-22,88 GiB,22,€0.0987 hourly,€0.3361 hourly,€0.9621 hourly,€1.1995 hourly
C3 Standard 22 lssd,c3-standard-22-lssd,88 GiB,22,€0.0987 hourly,€0.3361 hourly,€0.9621 hourly,€1.1995 hourly
C3 Standard 4,c3-standard-4,16 GiB,4,€0.0179 hourly,€0.0611 hourly,€0.1749 hourly,€0.2181 hourly
C3 Standard 4 lssd,c3-standard-4-lssd,16 GiB,4,€0.0179 hourly,€0.0611 hourly,€0.1749 hourly,€0.2181 hourly
C3 Standard 44,c3-standard-44,176 GiB,44,€0.1973 hourly,€0.6721 hourly,€1.9242 hourly,€2.399 hourly
C3 Standard 44 lssd,c3-standard-44-lssd,176 GiB,44,€0.1973 hourly,€0.6721 hourly,€1.9242 hourly,€2.399 hourly
C3 Standard 8,c3-standard-8,32 GiB,8,€0.0359 hourly,€0.1222 hourly,€0.3499 hourly,€0.4362 hourly
C3 Standard 8 lssd,c3-standard-8-lssd,32 GiB,8,€0.0359 hourly,€0.1222 hourly,€0.3499 hourly,€0.4362 hourly
C3 Standard 88,c3-standard-88,352 GiB,88,€0.3947 hourly,€1.3443 hourly,€3.8484 hourly,€4.798 hourly
C3 Standard 88 lssd,c3-standard-88-lssd,352 GiB,88,€0.3947 hourly,€1.3443 hourly,€3.8484 hourly,€4.798 hourly
C4 High CPU 144,c4-highcpu-144,288 GiB,144,€6.0608 hourly,€2.4242 hourly,€11.7124 hourly,€8.0759 hourly
C4 High CPU 16,c4-highcpu-16,32 GiB,16,€0.6734 hourly,€0.2694 hourly,€1.3014 hourly,€0.8973 hourly
C4 High CPU 192,c4-highcpu-192,384 GiB,192,€8.081 hourly,€3.2323 hourly,€15.6165 hourly,€10.7678 hourly
C4 High CPU 2,c4-highcpu-2,4 GiB,2,€0.0842 hourly,€0.0337 hourly,€0.1627 hourly,€0.1122 hourly
C4 High CPU 24,c4-highcpu-24,48 GiB,24,€1.0101 hourly,€0.404 hourly,€1.9521 hourly,€1.346 hourly
C4 High CPU 288,c4-highcpu-288,576 GiB,288,€12.1215 hourly,€4.8485 hourly,€23.4247 hourly,€16.1517 hourly
C4 High CPU 32,c4-highcpu-32,64 GiB,32,€1.3468 hourly,€0.5387 hourly,€2.6027 hourly,€1.7946 hourly
C4 High CPU 4,c4-highcpu-4,8 GiB,4,€0.1684 hourly,€0.0673 hourly,€0.3253 hourly,€0.2243 hourly
C4 High CPU 48,c4-highcpu-48,96 GiB,48,€2.0203 hourly,€0.8081 hourly,€3.9041 hourly,€2.692 hourly
C4 High CPU 8,c4-highcpu-8,16 GiB,8,€0.3367 hourly,€0.1347 hourly,€0.6507 hourly,€0.4487 hourly
C4 High CPU 96,c4-highcpu-96,192 GiB,96,€4.0405 hourly,€1.6162 hourly,€7.8082 hourly,€5.3839 hourly
C4 High Memory 144,c4-highmem-144,1116 GiB,144,€9.2879 hourly,€3.7149 hourly,€14.9395 hourly,€9.3665 hourly
C4 High Memory 144 lssd,c4-highmem-144-lssd,1116 GiB,144,€9.2879 hourly,€3.7149 hourly,€14.9395 hourly,€9.3665 hourly
C4 High Memory 16,c4-highmem-16,124 GiB,16,€1.032 hourly,€0.4128 hourly,€1.6599 hourly,€1.0407 hourly
C4 High Memory 16 lssd,c4-highmem-16-lssd,124 GiB,16,€1.032 hourly,€0.4128 hourly,€1.6599 hourly,€1.0407 hourly
C4 High Memory 192,c4-highmem-192,1488 GiB,192,€12.3838 hourly,€4.9532 hourly,€19.9193 hourly,€12.4887 hourly
C4 High Memory 192 lssd,c4-highmem-192-lssd,1488 GiB,192,€12.3838 hourly,€4.9532 hourly,€19.9193 hourly,€12.4887 hourly
C4 High Memory 2,c4-highmem-2,15 GiB,2,€0.127 hourly,€0.0508 hourly,€0.2055 hourly,€0.1293 hourly
C4 High Memory 24,c4-highmem-24,186 GiB,24,€1.548 hourly,€0.6192 hourly,€2.4899 hourly,€1.5611 hourly
C4 High Memory 24 lssd,c4-highmem-24-lssd,186 GiB,24,€1.548 hourly,€0.6192 hourly,€2.4899 hourly,€1.5611 hourly
C4 High Memory 288,c4-highmem-288,2232 GiB,288,€18.5758 hourly,€7.4299 hourly,€29.879 hourly,€18.7331 hourly
C4 High Memory 288 lssd,c4-highmem-288-lssd,2232 GiB,288,€18.5758 hourly,€7.4299 hourly,€29.879 hourly,€18.7331 hourly
C4 High Memory 288 lssd metal,c4-highmem-288-lssd-metal,2232 GiB,288,€18.5758 hourly,€7.4299 hourly,€29.879 hourly,€18.7331 hourly
C4 High Memory 288 metal,c4-highmem-288-metal,2232 GiB,288,€18.5758 hourly,€7.4299 hourly,€29.879 hourly,€18.7331 hourly
C4 High Memory 32,c4-highmem-32,248 GiB,32,€2.064 hourly,€0.8255 hourly,€3.3199 hourly,€2.0815 hourly
C4 High Memory 32 lssd,c4-highmem-32-lssd,248 GiB,32,€2.064 hourly,€0.8255 hourly,€3.3199 hourly,€2.0815 hourly
C4 High Memory 4,c4-highmem-4,31 GiB,4,€0.258 hourly,€0.1032 hourly,€0.415 hourly,€0.2602 hourly
C4 High Memory 4 lssd,c4-highmem-4-lssd,31 GiB,4,€0.258 hourly,€0.1032 hourly,€0.415 hourly,€0.2602 hourly
C4 High Memory 48,c4-highmem-48,372 GiB,48,€3.096 hourly,€1.2383 hourly,€4.9798 hourly,€3.1222 hourly
C4 High Memory 48 lssd,c4-highmem-48-lssd,372 GiB,48,€3.096 hourly,€1.2383 hourly,€4.9798 hourly,€3.1222 hourly
C4 High Memory 8,c4-highmem-8,62 GiB,8,€0.516 hourly,€0.2064 hourly,€0.83 hourly,€0.5204 hourly
C4 High Memory 8 lssd,c4-highmem-8-lssd,62 GiB,8,€0.516 hourly,€0.2064 hourly,€0.83 hourly,€0.5204 hourly
C4 High Memory 96,c4-highmem-96,744 GiB,96,€6.1919 hourly,€2.4766 hourly,€9.9597 hourly,€6.2444 hourly
C4 High Memory 96 lssd,c4-highmem-96-lssd,744 GiB,96,€6.1919 hourly,€2.4766 hourly,€9.9597 hourly,€6.2444 hourly
C4 Standard 144,c4-standard-144,540 GiB,144,€7.0429 hourly,€2.8171 hourly,€12.6945 hourly,€8.4687 hourly
C4 Standard 144 lssd,c4-standard-144-lssd,540 GiB,144,€7.0429 hourly,€2.8171 hourly,€12.6945 hourly,€8.4687 hourly
C4 Standard 16,c4-standard-16,60 GiB,16,€0.7825 hourly,€0.313 hourly,€1.4105 hourly,€0.941 hourly
C4 Standard 16 lssd,c4-standard-16-lssd,60 GiB,16,€0.7825 hourly,€0.313 hourly,€1.4105 hourly,€0.941 hourly
C4 Standard 192,c4-standard-192,720 GiB,192,€9.3906 hourly,€3.7561 hourly,€16.926 hourly,€11.2916 hourly
C4 Standard 192 lssd,c4-standard-192-lssd,720 GiB,192,€9.3906 hourly,€3.7561 hourly,€16.926 hourly,€11.2916 hourly
C4 Standard 2,c4-standard-2,7 GiB,2,€0.0959 hourly,€0.0383 hourly,€0.1744 hourly,€0.1168 hourly
C4 Standard 24,c4-standard-24,90 GiB,24,€1.1738 hourly,€0.4695 hourly,€2.1158 hourly,€1.4114 hourly
C4 Standard 24 lssd,c4-standard-24-lssd,90 GiB,24,€1.1738 hourly,€0.4695 hourly,€2.1158 hourly,€1.4114 hourly
C4 Standard 288,c4-standard-288,1080 GiB,288,€14.0858 hourly,€5.6341 hourly,€25.3891 hourly,€16.9373 hourly
C4 Standard 288 lssd,c4-standard-288-lssd,1080 GiB,288,€14.0858 hourly,€5.6341 hourly,€25.3891 hourly,€16.9373 hourly
C4 Standard 288 lssd metal,c4-standard-288-lssd-metal,1080 GiB,288,€14.0858 hourly,€5.6341 hourly,€25.3891 hourly,€16.9373 hourly
C4 Standard 288 metal,c4-standard-288-metal,1080 GiB,288,€14.0858 hourly,€5.6341 hourly,€25.3891 hourly,€16.9373 hourly
C4 Standard 32,c4-standard-32,120 GiB,32,€1.5651 hourly,€0.626 hourly,€2.821 hourly,€1.8819 hourly
C4 Standard 32 lssd,c4-standard-32-lssd,120 GiB,32,€1.5651 hourly,€0.626 hourly,€2.821 hourly,€1.8819 hourly
C4 Standard 4,c4-standard-4,15 GiB,4,€0.1956 hourly,€0.0783 hourly,€0.3526 hourly,€0.2352 hourly
C4 Standard 4 lssd,c4-standard-4-lssd,15 GiB,4,€0.1956 hourly,€0.0783 hourly,€0.3526 hourly,€0.2352 hourly
C4 Standard 48,c4-standard-48,180 GiB,48,€2.3476 hourly,€0.939 hourly,€4.2315 hourly,€2.8229 hourly
C4 Standard 48 lssd,c4-standard-48-lssd,180 GiB,48,€2.3476 hourly,€0.939 hourly,€4.2315 hourly,€2.8229 hourly
C4 Standard 8,c4-standard-8,30 GiB,8,€0.3913 hourly,€0.1565 hourly,€0.7053 hourly,€0.4705 hourly
C4 Standard 8 lssd,c4-standard-8-lssd,30 GiB,8,€0.3913 hourly,€0.1565 hourly,€0.7053 hourly,€0.4705 hourly
C4 Standard 96,c4-standard-96,360 GiB,96,€4.6953 hourly,€1.878 hourly,€8.463 hourly,€5.6458 hourly
C4 Standard 96 lssd,c4-standard-96-lssd,360 GiB,96,€4.6953 hourly,€1.878 hourly,€8.463 hourly,€5.6458 hourly
E2 High CPU 16,e2-highcpu-16,16 GiB,16,€0.3917 hourly,€0.1566 hourly,€1.0197 hourly,€0.7845 hourly
E2 High CPU 2,e2-highcpu-2,2 GiB,2,€0.049 hourly,€0.0196 hourly,€0.1275 hourly,€0.0981 hourly
E2 High CPU 32,e2-highcpu-32,32 GiB,32,€0.7834 hourly,€0.3132 hourly,€2.0393 hourly,€1.5691 hourly
E2 High CPU 4,e2-highcpu-4,4 GiB,4,€0.0979 hourly,€0.0391 hourly,€0.2549 hourly,€0.1961 hourly
E2 High CPU 8,e2-highcpu-8,8 GiB,8,€0.1958 hourly,€0.0783 hourly,€0.5098 hourly,€0.3923 hourly
E2 High Memory 16,e2-highmem-16,128 GiB,16,€0.7157 hourly,€0.2857 hourly,€1.3437 hourly,€0.9136 hourly
E2 High Memory 2,e2-highmem-2,16 GiB,2,€0.0895 hourly,€0.0357 hourly,€0.168 hourly,€0.1142 hourly
E2 High Memory 4,e2-highmem-4,32 GiB,4,€0.1789 hourly,€0.0714 hourly,€0.3359 hourly,€0.2284 hourly
E2 High Memory 8,e2-highmem-8,64 GiB,8,€0.3579 hourly,€0.1428 hourly,€0.6718 hourly,€0.4568 hourly
E2 Medium,e2-medium,4 GiB,2,€0.0547 hourly,€0.0219 hourly,€0.1332 hourly,€0.1004 hourly
E2 Micro,e2-micro,1 GiB,2,€0.0461 hourly,€0.0184 hourly,€0.1246 hourly,€0.0969 hourly
E2 Small,e2-small,2 GiB,2,€0.049 hourly,€0.0196 hourly,€0.1275 hourly,€0.0981 hourly
E2 Standard 16,e2-standard-16,64 GiB,16,€0.5306 hourly,€0.2119 hourly,€1.1585 hourly,€0.8399 hourly
E2 Standard 2,e2-standard-2,8 GiB,2,€0.0663 hourly,€0.0265 hourly,€0.1448 hourly,€0.105 hourly
E2 Standard 32,e2-standard-32,128 GiB,32,€1.0611 hourly,€0.4238 hourly,€2.317 hourly,€1.6798 hourly
E2 Standard 4,e2-standard-4,16 GiB,4,€0.1326 hourly,€0.053 hourly,€0.2896 hourly,€0.21 hourly
E2 Standard 8,e2-standard-8,32 GiB,8,€0.2653 hourly,€0.106 hourly,€0.5793 hourly,€0.4199 hourly
G2 Standard 12,g2-standard-12,48 GiB,12,€0.4358 hourly,€0.1174 hourly,€0.9068 hourly,€0.5884 hourly
G2 Standard 16,g2-standard-16,64 GiB,16,€0.5811 hourly,€0.1565 hourly,€1.2091 hourly,€0.7845 hourly
G2 Standard 24,g2-standard-24,96 GiB,24,€0.8717 hourly,€0.2348 hourly,€1.8136 hourly,€1.1767 hourly
G2 Standard 32,g2-standard-32,128 GiB,32,€1.1623 hourly,€0.313 hourly,€2.4182 hourly,€1.5689 hourly
G2 Standard 4,g2-standard-4,16 GiB,4,€0.1453 hourly,€0.0391 hourly,€0.3023 hourly,€0.1961 hourly
G2 Standard 48,g2-standard-48,192 GiB,48,€1.7434 hourly,€0.4695 hourly,€3.6273 hourly,€2.3534 hourly
G2 Standard 8,g2-standard-8,32 GiB,8,€0.2906 hourly,€0.0783 hourly,€0.6045 hourly,€0.3922 hourly
G2 Standard 96,g2-standard-96,384 GiB,96,€3.4868 hourly,€0.9391 hourly,€7.2545 hourly,€4.7068 hourly
H3 Standard 88,h3-standard-88,352 GiB,88,€1.4154 hourly,€1.7399 hourly,€4.8691 hourly,€5.1937 hourly
M3 Mega Memory 128,m3-megamem-128,1952 GiB,128,€14.2614 hourly,€2.5633 hourly,€19.285 hourly,€7.5869 hourly
M3 Mega Memory 64,m3-megamem-64,976 GiB,64,€7.1307 hourly,€1.2816 hourly,€9.6425 hourly,€3.7935 hourly
M3 Ultra Memory 128,m3-ultramem-128,3904 GiB,128,€24.1142 hourly,€4.337 hourly,€29.1378 hourly,€9.3606 hourly
M3 Ultra Memory 32,m3-ultramem-32,976 GiB,32,€6.0285 hourly,€1.0842 hourly,€7.2845 hourly,€2.3402 hourly
M3 Ultra Memory 64,m3-ultramem-64,1952 GiB,64,€12.0571 hourly,€2.1685 hourly,€14.5689 hourly,€4.6803 hourly
M4 Hypermem 16,m4-hypermem-16,248 GiB,16,€1.6173 hourly,€0.6215 hourly,€2.2452 hourly,€1.2494 hourly
M4 Hypermem 32,m4-hypermem-32,496 GiB,32,€3.2345 hourly,€1.243 hourly,€4.4904 hourly,€2.4989 hourly
M4 Hypermem 64,m4-hypermem-64,992 GiB,64,€6.469 hourly,€2.4859 hourly,€8.9809 hourly,€4.9978 hourly
M4 Mega Memory 112,m4-megamem-112,1488 GiB,112,€10.102 hourly,€3.8358 hourly,€14.4977 hourly,€8.2315 hourly
M4 Mega Memory 224,m4-megamem-224,2976 GiB,224,€20.2041 hourly,€7.6716 hourly,€28.9955 hourly,€16.463 hourly
M4 Mega Memory 28,m4-megamem-28,372 GiB,28,€2.5255 hourly,€0.959 hourly,€3.6244 hourly,€2.0579 hourly
M4 Mega Memory 56,m4-megamem-56,744 GiB,56,€5.051 hourly,€1.9179 hourly,€7.2489 hourly,€4.1157 hourly
M4 Ultra Memory 112,m4-ultramem-112,2976 GiB,112,€17.4147 hourly,€6.9234 hourly,€21.8104 hourly,€11.3191 hourly
M4 Ultra Memory 224,m4-ultramem-224,5952 GiB,224,€34.8295 hourly,€13.8468 hourly,€43.6208 hourly,€22.6382 hourly
M4 Ultra Memory 56,m4-ultramem-56,1488 GiB,56,€8.7074 hourly,€3.4617 hourly,€10.9052 hourly,€5.6595 hourly
N1 High CPU 16,n1-highcpu-16,14.400390625 GiB,16,€0.561 hourly,€0.1004 hourly,€1.1889 hourly,€0.7283 hourly
N1 High CPU 2,n1-highcpu-2,1.7998046875 GiB,2,€0.0701 hourly,€0.0125 hourly,€0.1486 hourly,€0.091 hourly
N1 High CPU 32,n1-highcpu-32,28.7998046875 GiB,32,€1.1219 hourly,€0.2007 hourly,€2.3778 hourly,€1.4566 hourly
N1 High CPU 4,n1-highcpu-4,3.599609375 GiB,4,€0.1402 hourly,€0.0251 hourly,€0.2972 hourly,€0.1821 hourly
N1 High CPU 64,n1-highcpu-64,57.599609375 GiB,64,€2.2438 hourly,€0.4015 hourly,€4.7557 hourly,€2.9133 hourly
N1 High CPU 8,n1-highcpu-8,7.2001953125 GiB,8,€0.2805 hourly,€0.0502 hourly,€0.5945 hourly,€0.3642 hourly
N1 High CPU 96,n1-highcpu-96,86.400390625 GiB,96,€3.3658 hourly,€0.6022 hourly,€7.1335 hourly,€4.3699 hourly
N1 High Memory 16,n1-highmem-16,104 GiB,16,€0.9367 hourly,€0.1676 hourly,€1.5646 hourly,€0.7956 hourly
N1 High Memory 2,n1-highmem-2,13 GiB,2,€0.1171 hourly,€0.021 hourly,€0.1956 hourly,€0.0994 hourly
N1 High Memory 32,n1-highmem-32,208 GiB,32,€1.8734 hourly,€0.3353 hourly,€3.1293 hourly,€1.5912 hourly
N1 High Memory 4,n1-highmem-4,26 GiB,4,€0.2342 hourly,€0.0419 hourly,€0.3912 hourly,€0.1989 hourly
N1 High Memory 64,n1-highmem-64,416 GiB,64,€3.7468 hourly,€0.6705 hourly,€6.2586 hourly,€3.1824 hourly
N1 High Memory 8,n1-highmem-8,52 GiB,8,€0.4683 hourly,€0.0838 hourly,€0.7823 hourly,€0.3978 hourly
N1 High Memory 96,n1-highmem-96,624 GiB,96,€5.6201 hourly,€1.0058 hourly,€9.3879 hourly,€4.7736 hourly
N1 Mega Memory 96,n1-megamem-96,1433.599609375 GiB,96,€9.0151 hourly,€1.6137 hourly,€12.7829 hourly,€5.3814 hourly
N1 Standard 1,n1-standard-1,3.75 GiB,1,€0.047 hourly,€0.0084 hourly,€0.0863 hourly,€0.0477 hourly
N1 Standard 16,n1-standard-16,60 GiB,16,€0.7522 hourly,€0.1346 hourly,€1.3801 hourly,€0.7626 hourly
N1 Standard 2,n1-standard-2,7.5 GiB,2,€0.094 hourly,€0.0168 hourly,€0.1725 hourly,€0.0953 hourly
N1 Standard 32,n1-standard-32,120 GiB,32,€1.5044 hourly,€0.2692 hourly,€2.7603 hourly,€1.5251 hourly
N1 Standard 4,n1-standard-4,15 GiB,4,€0.188 hourly,€0.0337 hourly,€0.345 hourly,€0.1906 hourly
N1 Standard 64,n1-standard-64,240 GiB,64,€3.0087 hourly,€0.5384 hourly,€5.5205 hourly,€3.0502 hourly
N1 Standard 8,n1-standard-8,30 GiB,8,€0.3761 hourly,€0.0673 hourly,€0.6901 hourly,€0.3813 hourly
N1 Standard 96,n1-standard-96,360 GiB,96,€4.5131 hourly,€0.8076 hourly,€8.2808 hourly,€4.5753 hourly
N1 Ultra Memory 160,n1-ultramem-160,3844 GiB,160,€21.1252 hourly,€3.7817 hourly,€27.4048 hourly,€10.0612 hourly
N1 Ultra Memory 40,n1-ultramem-40,961 GiB,40,€5.2813 hourly,€0.9454 hourly,€6.8512 hourly,€2.5153 hourly
N1 Ultra Memory 80,n1-ultramem-80,1922 GiB,80,€10.5626 hourly,€1.8908 hourly,€13.7024 hourly,€5.0306 hourly
N2 High CPU 16,n2-highcpu-16,16 GiB,16,€0.5677 hourly,€0.1602 hourly,€1.1956 hourly,€0.7882 hourly
N2 High CPU 2,n2-highcpu-2,2 GiB,2,€0.071 hourly,€0.02 hourly,€0.1495 hourly,€0.0985 hourly
N2 High CPU 32,n2-highcpu-32,32 GiB,32,€1.1353 hourly,€0.3204 hourly,€2.3912 hourly,€1.5763 hourly
N2 High CPU 4,n2-highcpu-4,4 GiB,4,€0.1419 hourly,€0.04 hourly,€0.2989 hourly,€0.197 hourly
N2 High CPU 48,n2-highcpu-48,48 GiB,48,€1.703 hourly,€0.4806 hourly,€3.5869 hourly,€2.3645 hourly
N2 High CPU 64,n2-highcpu-64,64 GiB,64,€2.2707 hourly,€0.6408 hourly,€4.7825 hourly,€3.1526 hourly
N2 High CPU 8,n2-highcpu-8,8 GiB,8,€0.2838 hourly,€0.0801 hourly,€0.5978 hourly,€0.3941 hourly
N2 High CPU 80,n2-highcpu-80,80 GiB,80,€2.8383 hourly,€0.801 hourly,€5.9781 hourly,€3.9408 hourly
N2 High CPU 96,n2-highcpu-96,96 GiB,96,€3.406 hourly,€0.9612 hourly,€7.1737 hourly,€4.7289 hourly
N2 High Memory 128,n2-highmem-128,864 GiB,128,€7.6277 hourly,€2.1513 hourly,€12.6514 hourly,€7.1749 hourly
N2 High Memory 16,n2-highmem-16,128 GiB,16,€1.0373 hourly,€0.2925 hourly,€1.6653 hourly,€0.9205 hourly
N2 High Memory 2,n2-highmem-2,16 GiB,2,€0.1297 hourly,€0.0366 hourly,€0.2082 hourly,€0.1151 hourly
N2 High Memory 32,n2-highmem-32,256 GiB,32,€2.0747 hourly,€0.5851 hourly,€3.3306 hourly,€1.841 hourly
N2 High Memory 4,n2-highmem-4,32 GiB,4,€0.2593 hourly,€0.0731 hourly,€0.4163 hourly,€0.2301 hourly
N2 High Memory 48,n2-highmem-48,384 GiB,48,€3.112 hourly,€0.8776 hourly,€4.9959 hourly,€2.7615 hourly
N2 High Memory 64,n2-highmem-64,512 GiB,64,€4.1493 hourly,€1.1702 hourly,€6.6611 hourly,€3.682 hourly
N2 High Memory 8,n2-highmem-8,64 GiB,8,€0.5187 hourly,€0.1463 hourly,€0.8326 hourly,€0.4603 hourly
N2 High Memory 80,n2-highmem-80,640 GiB,80,€5.1867 hourly,€1.4627 hourly,€8.3264 hourly,€4.6025 hourly
N2 High Memory 96,n2-highmem-96,768 GiB,96,€6.224 hourly,€1.7553 hourly,€9.9917 hourly,€5.523 hourly
N2 Standard 128,n2-standard-128,512 GiB,128,€6.1516 hourly,€1.7353 hourly,€11.1753 hourly,€6.759 hourly
N2 Standard 16,n2-standard-16,64 GiB,16,€0.769 hourly,€0.2169 hourly,€1.3969 hourly,€0.8449 hourly
N2 Standard 2,n2-standard-2,8 GiB,2,€0.0961 hourly,€0.0271 hourly,€0.1746 hourly,€0.1056 hourly
N2 Standard 32,n2-standard-32,128 GiB,32,€1.5379 hourly,€0.4338 hourly,€2.7938 hourly,€1.6897 hourly
N2 Standard 4,n2-standard-4,16 GiB,4,€0.1922 hourly,€0.0542 hourly,€0.3492 hourly,€0.2112 hourly
N2 Standard 48,n2-standard-48,192 GiB,48,€2.3069 hourly,€0.6508 hourly,€4.1907 hourly,€2.5346 hourly
N2 Standard 64,n2-standard-64,256 GiB,64,€3.0758 hourly,€0.8677 hourly,€5.5876 hourly,€3.3795 hourly
N2 Standard 8,n2-standard-8,32 GiB,8,€0.3845 hourly,€0.1085 hourly,€0.6985 hourly,€0.4224 hourly
N2 Standard 80,n2-standard-80,320 GiB,80,€3.8448 hourly,€1.0846 hourly,€6.9845 hourly,€4.2244 hourly
N2 Standard 96,n2-standard-96,384 GiB,96,€4.6137 hourly,€1.3015 hourly,€8.3815 hourly,€5.0692 hourly
N2D High CPU 128,n2d-highcpu-128,128 GiB,128,€0.4651 hourly,€0.9262 hourly,€5.4888 hourly,€5.9499 hourly
N2D High CPU 16,n2d-highcpu-16,16 GiB,16,€0.0581 hourly,€0.1158 hourly,€0.6861 hourly,€0.7437 hourly
N2D High CPU 2,n2d-highcpu-2,2 GiB,2,€0.0073 hourly,€0.0145 hourly,€0.0858 hourly,€0.093 hourly
N2D High CPU 224,n2d-highcpu-224,224 GiB,224,€0.814 hourly,€1.6209 hourly,€9.6054 hourly,€10.4123 hourly
N2D High CPU 32,n2d-highcpu-32,32 GiB,32,€0.1163 hourly,€0.2316 hourly,€1.3722 hourly,€1.4875 hourly
N2D High CPU 4,n2d-highcpu-4,4 GiB,4,€0.0145 hourly,€0.0289 hourly,€0.1715 hourly,€0.1859 hourly
N2D High CPU 48,n2d-highcpu-48,48 GiB,48,€0.1744 hourly,€0.3473 hourly,€2.0583 hourly,€2.2312 hourly
N2D High CPU 64,n2d-highcpu-64,64 GiB,64,€0.2326 hourly,€0.4631 hourly,€2.7444 hourly,€2.9749 hourly
N2D High CPU 8,n2d-highcpu-8,8 GiB,8,€0.0291 hourly,€0.0579 hourly,€0.343 hourly,€0.3719 hourly
N2D High CPU 80,n2d-highcpu-80,80 GiB,80,€0.2907 hourly,€0.5789 hourly,€3.4305 hourly,€3.7187 hourly
N2D High CPU 96,n2d-highcpu-96,96 GiB,96,€0.3489 hourly,€0.6947 hourly,€4.1166 hourly,€4.4624 hourly
N2D High Memory 16,n2d-highmem-16,128 GiB,16,€0.1603 hourly,€0.2114 hourly,€0.7882 hourly,€0.8394 hourly
N2D High Memory 2,n2d-highmem-2,16 GiB,2,€0.02 hourly,€0.0264 hourly,€0.0985 hourly,€0.1049 hourly
N2D High Memory 32,n2d-highmem-32,256 GiB,32,€0.3206 hourly,€0.4229 hourly,€1.5765 hourly,€1.6788 hourly
N2D High Memory 4,n2d-highmem-4,32 GiB,4,€0.0401 hourly,€0.0529 hourly,€0.1971 hourly,€0.2098 hourly
N2D High Memory 48,n2d-highmem-48,384 GiB,48,€0.4809 hourly,€0.6343 hourly,€2.3647 hourly,€2.5182 hourly
N2D High Memory 64,n2d-highmem-64,512 GiB,64,€0.6412 hourly,€0.8457 hourly,€3.153 hourly,€3.3575 hourly
N2D High Memory 8,n2d-highmem-8,64 GiB,8,€0.0801 hourly,€0.1057 hourly,€0.3941 hourly,€0.4197 hourly
N2D High Memory 80,n2d-highmem-80,640 GiB,80,€0.8014 hourly,€1.0572 hourly,€3.9412 hourly,€4.1969 hourly
N2D High Memory 96,n2d-highmem-96,768 GiB,96,€0.9617 hourly,€1.2686 hourly,€4.7295 hourly,€5.0363 hourly
N2D Standard 128,n2d-standard-128,512 GiB,128,€0.8154 hourly,€1.2542 hourly,€5.839 hourly,€6.2778 hourly
N2D Standard 16,n2d-standard-16,64 GiB,16,€0.1019 hourly,€0.1568 hourly,€0.7299 hourly,€0.7847 hourly
N2D Standard 2,n2d-standard-2,8 GiB,2,€0.0127 hourly,€0.0196 hourly,€0.0912 hourly,€0.0981 hourly
N2D Standard 224,n2d-standard-224,896 GiB,224,€1.4269 hourly,€2.1948 hourly,€10.2183 hourly,€10.9862 hourly
N2D Standard 32,n2d-standard-32,128 GiB,32,€0.2038 hourly,€0.3135 hourly,€1.4598 hourly,€1.5695 hourly
N2D Standard 4,n2d-standard-4,16 GiB,4,€0.0255 hourly,€0.0392 hourly,€0.1825 hourly,€0.1962 hourly
N2D Standard 48,n2d-standard-48,192 GiB,48,€0.3058 hourly,€0.4703 hourly,€2.1896 hourly,€2.3542 hourly
N2D Standard 64,n2d-standard-64,256 GiB,64,€0.4077 hourly,€0.6271 hourly,€2.9195 hourly,€3.1389 hourly
N2D Standard 8,n2d-standard-8,32 GiB,8,€0.051 hourly,€0.0784 hourly,€0.3649 hourly,€0.3924 hourly
N2D Standard 80,n2d-standard-80,320 GiB,80,€0.5096 hourly,€0.7839 hourly,€3.6494 hourly,€3.9236 hourly
N2D Standard 96,n2d-standard-96,384 GiB,96,€0.6115 hourly,€0.9406 hourly,€4.3793 hourly,€4.7084 hourly
N4 High CPU 16,n4-highcpu-16,32 GiB,16,€0.4715 hourly,€0.2263 hourly,€1.0994 hourly,€0.8543 hourly
N4 High CPU 2,n4-highcpu-2,4 GiB,2,€0.0589 hourly,€0.0283 hourly,€0.1374 hourly,€0.1068 hourly
N4 High CPU 32,n4-highcpu-32,64 GiB,32,€0.943 hourly,€0.4526 hourly,€2.1989 hourly,€1.7086 hourly
N4 High CPU 4,n4-highcpu-4,8 GiB,4,€0.1179 hourly,€0.0566 hourly,€0.2749 hourly,€0.2136 hourly
N4 High CPU 48,n4-highcpu-48,96 GiB,48,€1.4145 hourly,€0.679 hourly,€3.2983 hourly,€2.5628 hourly
N4 High CPU 64,n4-highcpu-64,128 GiB,64,€1.8859 hourly,€0.9053 hourly,€4.3978 hourly,€3.4171 hourly
N4 High CPU 8,n4-highcpu-8,16 GiB,8,€0.2357 hourly,€0.1132 hourly,€0.5497 hourly,€0.4271 hourly
N4 High CPU 80,n4-highcpu-80,160 GiB,80,€2.3574 hourly,€1.1316 hourly,€5.4972 hourly,€4.2714 hourly
N4 High Memory 16,n4-highmem-16,128 GiB,16,€0.5029 hourly,€0.3521 hourly,€1.1309 hourly,€0.9801 hourly
N4 High Memory 2,n4-highmem-2,16 GiB,2,€0.0629 hourly,€0.044 hourly,€0.1414 hourly,€0.1225 hourly
N4 High Memory 32,n4-highmem-32,256 GiB,32,€1.0059 hourly,€0.7043 hourly,€2.2618 hourly,€1.9602 hourly
N4 High Memory 4,n4-highmem-4,32 GiB,4,€0.1257 hourly,€0.088 hourly,€0.2827 hourly,€0.245 hourly
N4 High Memory 48,n4-highmem-48,384 GiB,48,€1.5088 hourly,€1.0564 hourly,€3.3927 hourly,€2.9403 hourly
N4 High Memory 64,n4-highmem-64,512 GiB,64,€2.0118 hourly,€1.4085 hourly,€4.5236 hourly,€3.9204 hourly
N4 High Memory 8,n4-highmem-8,64 GiB,8,€0.2515 hourly,€0.1761 hourly,€0.5654 hourly,€0.49 hourly
N4 High Memory 80,n4-highmem-80,640 GiB,80,€2.5147 hourly,€1.7607 hourly,€5.6545 hourly,€4.9004 hourly
N4 Standard 16,n4-standard-16,64 GiB,16,€0.482 hourly,€0.2683 hourly,€1.1099 hourly,€0.8962 hourly
N4 Standard 2,n4-standard-2,8 GiB,2,€0.0602 hourly,€0.0335 hourly,€0.1387 hourly,€0.112 hourly
N4 Standard 32,n4-standard-32,128 GiB,32,€0.9639 hourly,€0.5365 hourly,€2.2199 hourly,€1.7924 hourly
N4 Standard 4,n4-standard-4,16 GiB,4,€0.1205 hourly,€0.0671 hourly,€0.2775 hourly,€0.2241 hourly
N4 Standard 48,n4-standard-48,192 GiB,48,€1.4459 hourly,€0.8048 hourly,€3.3298 hourly,€2.6886 hourly
N4 Standard 64,n4-standard-64,256 GiB,64,€1.9279 hourly,€1.073 hourly,€4.4397 hourly,€3.5849 hourly
N4 Standard 8,n4-standard-8,32 GiB,8,€0.241 hourly,€0.1341 hourly,€0.555 hourly,€0.4481 hourly
N4 Standard 80,n4-standard-80,320 GiB,80,€2.4099 hourly,€1.3413 hourly,€5.5496 hourly,€4.4811 hourly
T2A Standard 1,t2a-standard-1,4 GiB,1,,,,
T2A Standard 16,t2a-standard-16,64 GiB,16,,,,
T2A Standard 2,t2a-standard-2,8 GiB,2,,,,
T2A Standard 32,t2a-standard-32,128 GiB,32,,,,
T2A Standard 4,t2a-standard-4,16 GiB,4,,,,
T2A Standard 48,t2a-standard-48,192 GiB,48,,,,
T2A Standard 8,t2a-standard-8,32 GiB,8,,,,
T2D Standard 1,t2d-standard-1,4 GiB,1,€0.0418 hourly,€0.0043 hourly,€0.0811 hourly,€0.0436 hourly
T2D Standard 16,t2d-standard-16,64 GiB,16,€0.669 hourly,€0.0693 hourly,€1.2969 hourly,€0.6972 hourly
T2D Standard 2,t2d-standard-2,8 GiB,2,€0.0836 hourly,€0.0087 hourly,€0.1621 hourly,€0.0872 hourly
T2D Standard 32,t2d-standard-32,128 GiB,32,€1.338 hourly,€0.1386 hourly,€2.5939 hourly,€1.3945 hourly
T2D Standard 4,t2d-standard-4,16 GiB,4,€0.1672 hourly,€0.0173 hourly,€0.3242 hourly,€0.1743 hourly
T2D Standard 48,t2d-standard-48,192 GiB,48,€2.0069 hourly,€0.2079 hourly,€3.8908 hourly,€2.0917 hourly
T2D Standard 60,t2d-standard-60,240 GiB,60,€2.5087 hourly,€0.2599 hourly,€4.8635 hourly,€2.6147 hourly
T2D Standard 8,t2d-standard-8,32 GiB,8,€0.3345 hourly,€0.0346 hourly,€0.6485 hourly,€0.3486 hourly
Z3 High Memory 14 standardlssd,z3-highmem-14-standardlssd,112 GiB,14,€1.4257 hourly,€0.529 hourly,€1.9752 hourly,€1.0784 hourly
Z3 High Memory 16 highlssd,z3-highmem-16-highlssd,128 GiB,16,€1.6294 hourly,€0.6045 hourly,€2.2573 hourly,€1.2325 hourly
Z3 High Memory 176,z3-highmem-176,1408 GiB,176,€17.9233 hourly,€6.6499 hourly,€24.8308 hourly,€13.5574 hourly
Z3 High Memory 176 standardlssd,z3-highmem-176-standardlssd,1408 GiB,176,€17.9233 hourly,€6.6499 hourly,€24.8308 hourly,€13.5574 hourly
Z3 High Memory 192 highlssd metal,z3-highmem-192-highlssd-metal,1536 GiB,192,€19.5527 hourly,€7.2544 hourly,€27.0882 hourly,€14.7899 hourly
Z3 High Memory 22 highlssd,z3-highmem-22-highlssd,176 GiB,22,€2.2404 hourly,€0.8312 hourly,€3.1039 hourly,€1.6947 hourly
Z3 High Memory 22 standardlssd,z3-highmem-22-standardlssd,176 GiB,22,€2.2404 hourly,€0.8312 hourly,€3.1039 hourly,€1.6947 hourly
Z3 High Memory 32 highlssd,z3-highmem-32-highlssd,256 GiB,32,€3.2588 hourly,€1.2091 hourly,€4.5147 hourly,€2.465 hourly
Z3 High Memory 44 highlssd,z3-highmem-44-highlssd,352 GiB,44,€4.4808 hourly,€1.6625 hourly,€6.2077 hourly,€3.3894 hourly
Z3 High Memory 44 standardlssd,z3-highmem-44-standardlssd,352 GiB,44,€4.4808 hourly,€1.6625 hourly,€6.2077 hourly,€3.3894 hourly
Z3 High Memory 8 highlssd,z3-highmem-8-highlssd,64 GiB,8,€0.8147 hourly,€0.3023 hourly,€1.1287 hourly,€0.6162 hourly
Z3 High Memory 88,z3-highmem-88,704 GiB,88,€8.9617 hourly,€3.3249 hourly,€12.4154 hourly,€6.7787 hourly
Z3 High Memory 88 highlssd,z3-highmem-88-highlssd,704 GiB,88,€8.9617 hourly,€3.3249 hourly,€12.4154 hourly,€6.7787 hourly
Z3 High Memory 88 standardlssd,z3-highmem-88-standardlssd,704 GiB,88,€8.9617 hourly,€3.3249 hourly,€12.4154 hourly,€6.7787 hourly