instance_name,instance_family,instance_cpu,vcpus,numa_nodes,memory_gb,avg_score,stddev,stddev_percentage,runs
standard_a1_v2,av2,intel xeon cpu e5-2660 0 @ 2.20ghz,2,1,16,15159,72,0.47%,14
standard_a1_v2,av2,intel xeon cpu e5-2673 v3 @ 2.40ghz,1,1,2,6798,724,10.65%,140
standard_a1_v2,av2,intel xeon cpu e5-2673 v4 @ 2.30ghz,1,1,2,6476,1151,17.77%,84
standard_a1_v2,av2,intel xeon platinum 8171m cpu @ 2.60ghz,1,1,2,6195,397,6.41%,56
standard_a1_v2,av2,intel xeon platinum 8272cl cpu @ 2.60ghz,1,1,2,5924,674,11.38%,28
standard_a2m_v2,av2,intel xeon cpu e5-2673 v3 @ 2.40ghz,2,1,16,14315,1255,8.76%,126
standard_a2m_v2,av2,intel xeon cpu e5-2673 v3 @ 2.40ghz,2,1,4,13666,1079,7.89%,168
standard_a2m_v2,av2,intel xeon cpu e5-2673 v4 @ 2.30ghz,2,1,16,14149,1121,7.92%,98
standard_a2m_v2,av2,intel xeon platinum 8171m cpu @ 2.60ghz,2,1,16,13791,1201,8.71%,98
standard_a2m_v2,av2,intel xeon platinum 8272cl cpu @ 2.60ghz,2,1,16,11336,898,7.93%,14
standard_a2_v2,av2,intel xeon cpu e5-2660 0 @ 2.20ghz,4,1,32,28710,1032,3.59%,14
standard_a2_v2,av2,intel xeon cpu e5-2673 v4 @ 2.30ghz,2,1,4,14276,756,5.29%,84
standard_a2_v2,av2,intel xeon platinum 8171m cpu @ 2.60ghz,2,1,4,14223,1010,7.10%,70
standard_a2_v2,av2,intel xeon platinum 8272cl cpu @ 2.60ghz,2,1,4,14805,166,1.12%,14
standard_a4m_v2,av2,intel xeon cpu e5-2660 0 @ 2.20ghz,4,1,8,28551,1839,6.44%,42
standard_a4m_v2,av2,intel xeon cpu e5-2673 v3 @ 2.40ghz,4,1,32,28128,2283,8.12%,112
standard_a4m_v2,av2,intel xeon cpu e5-2673 v4 @ 2.30ghz,4,1,32,28220,2997,10.62%,126
standard_a4m_v2,av2,intel xeon platinum 8171m cpu @ 2.60ghz,4,1,32,27720,1839,6.63%,98
standard_a4_v2,av2,intel xeon cpu e5-2660 0 @ 2.20ghz,8,2,64,51496,1643,3.19%,14
standard_a4_v2,av2,intel xeon cpu e5-2673 v3 @ 2.40ghz,4,1,8,27710,2001,7.22%,98
standard_a4_v2,av2,intel xeon cpu e5-2673 v4 @ 2.30ghz,4,1,8,28371,2769,9.76%,98
standard_a4_v2,av2,intel xeon platinum 8171m cpu @ 2.60ghz,4,1,8,26780,2141,7.99%,84
standard_a4_v2,av2,intel xeon platinum 8272cl cpu @ 2.60ghz,4,1,8,26476,1608,6.07%,14
standard_a8m_v2,av2,intel xeon cpu e5-2660 0 @ 2.20ghz,8,1,16,52295,1356,2.59%,28
standard_a8m_v2,av2,intel xeon cpu e5-2673 v3 @ 2.40ghz,8,1,64,54477,3024,5.55%,126
standard_a8m_v2,av2,intel xeon cpu e5-2673 v4 @ 2.30ghz,8,1,64,55195,4426,8.02%,126
standard_a8m_v2,av2,intel xeon platinum 8171m cpu @ 2.60ghz,8,1,64,52768,3528,6.69%,70
standard_a8m_v2,av2,intel xeon platinum 8272cl cpu @ 2.60ghz,8,1,64,49188,1869,3.80%,14
standard_a8_v2,av2,intel xeon cpu e5-2673 v3 @ 2.40ghz,8,1,16,56004,4045,7.22%,140
standard_a8_v2,av2,intel xeon cpu e5-2673 v4 @ 2.30ghz,8,1,16,53367,3252,6.09%,84
standard_a8_v2,av2,intel xeon platinum 8171m cpu @ 2.60ghz,8,1,16,51525,3170,6.15%,84
standard_a8_v2,av2,intel xeon platinum 8272cl cpu @ 2.60ghz,8,1,16,49802,1009,2.03%,14
standard_a8_v2,bms,intel xeon cpu e5-2673 v3 @ 2.40 ghz,12,1,48,206957,5240,2.53%,56
standard_b12ms,bms,intel xeon cpu e5-2673 v3 @ 2.40ghz,12,1,48,214731,4672,2.18%,28
standard_b12ms,bms,intel xeon cpu e5-2673 v3 @ 2.40 ghz,16,2,64,273257,3862,1.41%,42
standard_b12ms,bms,intel xeon cpu e5-2673 v4 @ 2.30 ghz,12,1,48,211461,4115,1.95%,154
standard_b12ms,bms,intel xeon cpu e5-2673 v4 @ 2.30ghz,12,1,48,219383,2213,1.01%,112
standard_b12ms,bms,intel xeon platinum 8171m cpu @ 2.60 ghz,12,1,48,200729,3475,1.73%,140
standard_b12ms,bms,intel xeon platinum 8171m cpu @ 2.60ghz,12,1,48,202912,17172,8.46%,77
standard_b12ms,bms,intel xeon platinum 8272cl cpu @ 2.60ghz,12,1,48,256373,1768,0.69%,21
standard_b16ms,bls,intel xeon cpu e5-2673 v3 @ 2.40ghz,1,1,0.5,19162,605,3.16%,28
standard_b16ms,bms,intel xeon cpu e5-2673 v3 @ 2.40ghz,16,2,64,276669,8921,3.22%,35
standard_b16ms,bms,intel xeon cpu e5-2673 v4 @ 2.30 ghz,16,1,64,282187,5030,1.78%,154
standard_b16ms,bms,intel xeon cpu e5-2673 v4 @ 2.30ghz,16,1,64,294079,3437,1.17%,112
standard_b16ms,bms,intel xeon platinum 8171m cpu @ 2.60 ghz,16,1,64,265834,5545,2.09%,112
standard_b16ms,bms,intel xeon platinum 8171m cpu @ 2.60ghz,16,1,64,270563,27650,10.22%,70
standard_b16ms,bms,intel xeon platinum 8272cl cpu @ 2.60 ghz,16,1,64,331694,3537,1.07%,28
standard_b16ms,bms,intel xeon platinum 8272cl cpu @ 2.60ghz,16,1,64,340582,6378,1.87%,21
standard_b1ls,bls,intel xeon cpu e5-2673 v4 @ 2.30ghz,1,1,0.5,19365,810,4.18%,126
standard_b1ls,bls,intel xeon platinum 8171m cpu @ 2.60ghz,1,1,0.5,18780,2840,15.12%,63
standard_b1ls,bls,intel xeon platinum 8272cl cpu @ 2.60ghz,1,1,0.5,21954,461,2.10%,21
standard_b1ls,bms,intel xeon cpu e5-2673 v3 @ 2.40 ghz,1,1,2,18093,679,3.75%,42
standard_b1ms,bms,intel xeon cpu e5-2673 v3 @ 2.40ghz,1,1,2,18167,82,0.45%,14
standard_b1ms,bms,intel xeon cpu e5-2673 v4 @ 2.30 ghz,1,1,2,18197,1341,7.37%,168
standard_b1ms,bms,intel xeon cpu e5-2673 v4 @ 2.30ghz,1,1,2,20113,1188,5.90%,126
standard_b1ms,bms,intel xeon platinum 8171m cpu @ 2.60 ghz,1,1,2,17975,920,5.12%,112
standard_b1ms,bms,intel xeon platinum 8171m cpu @ 2.60ghz,1,1,2,18882,2434,12.89%,77
standard_b1ms,bms,intel xeon platinum 8272cl cpu @ 2.60 ghz,1,1,2,20176,1568,7.77%,28
standard_b1ms,bms,intel xeon platinum 8272cl cpu @ 2.60ghz,1,1,2,22182,57,0.26%,21
standard_b1ms,bs,intel xeon cpu e5-2673 v3 @ 2.40ghz,1,1,1,18768,429,2.29%,35
standard_b1s,bms,intel xeon cpu e5-2673 v3 @ 2.40ghz,20,2,80,347156,5967,1.72%,14
standard_b1s,bs,intel xeon cpu e5-2673 v4 @ 2.30ghz,1,1,1,19725,1258,6.38%,112
standard_b1s,bs,intel xeon platinum 8171m cpu @ 2.60ghz,1,1,1,18287,2316,12.66%,70
standard_b1s,bs,intel xeon platinum 8272cl cpu @ 2.60ghz,1,1,1,21992,371,1.69%,21
standard_b20ms,bhms,intel xeon cpu e5-2673 v3 @ 2.40 ghz,2,1,8,36949,1494,4.04%,28
standard_b20ms,bms,intel xeon cpu e5-2673 v4 @ 2.30ghz,20,1,80,363209,3837,1.06%,112
standard_b20ms,bms,intel xeon platinum 8171m cpu @ 2.60ghz,20,1,80,342212,21775,6.36%,91
standard_b20ms,bms,intel xeon platinum 8272cl cpu @ 2.60ghz,20,1,80,416103,3337,0.80%,21
standard_b2hms,bhms,intel xeon cpu e5-2673 v4 @ 2.30 ghz,2,1,8,36512,2537,6.95%,70
standard_b2hms,bhms,intel xeon platinum 8171m cpu @ 2.60 ghz,2,1,8,36389,990,2.72%,56
standard_b2hms,bms,intel xeon cpu e5-2673 v3 @ 2.40 ghz,2,1,8,35758,1028,2.88%,42
standard_b2ms,bms,intel xeon cpu e5-2673 v3 @ 2.40ghz,2,1,8,36338,333,0.92%,28
standard_b2ms,bms,intel xeon cpu e5-2673 v4 @ 2.30 ghz,2,1,8,36028,1605,4.45%,182
standard_b2ms,bms,intel xeon cpu e5-2673 v4 @ 2.30ghz,2,1,8,38026,1749,4.60%,119
standard_b2ms,bms,intel xeon platinum 8171m cpu @ 2.60 ghz,2,1,8,36122,2128,5.89%,112
standard_b2ms,bms,intel xeon platinum 8171m cpu @ 2.60ghz,2,1,8,38060,5978,15.71%,70
standard_b2ms,bms,intel xeon platinum 8272cl cpu @ 2.60 ghz,2,1,8,42525,672,1.58%,14
standard_b2ms,bms,intel xeon platinum 8272cl cpu @ 2.60ghz,2,1,8,44227,349,0.79%,21
standard_b2ms,bs,intel xeon cpu e5-2673 v3 @ 2.40 ghz,2,1,4,35546,660,1.86%,42
standard_b2s,bhms,intel xeon cpu e5-2673 v3 @ 2.40 ghz,4,1,16,71028,879,1.24%,28
standard_b2s,bs,intel xeon cpu e5-2673 v3 @ 2.40ghz,2,1,4,36074,431,1.20%,21
standard_b2s,bs,intel xeon cpu e5-2673 v4 @ 2.30 ghz,2,1,4,36569,2172,5.94%,154
standard_b2s,bs,intel xeon cpu e5-2673 v4 @ 2.30ghz,2,1,4,37634,1445,3.84%,119
standard_b2s,bs,intel xeon platinum 8171m cpu @ 2.60 ghz,2,1,4,36136,924,2.56%,140
standard_b2s,bs,intel xeon platinum 8171m cpu @ 2.60ghz,2,1,4,37824,5913,15.63%,70
standard_b2s,bs,intel xeon platinum 8272cl cpu @ 2.60 ghz,2,1,4,42546,834,1.96%,14
standard_b2s,bs,intel xeon platinum 8272cl cpu @ 2.60ghz,2,1,4,44147,397,0.90%,28
standard_b4hms,bhms,intel xeon cpu e5-2673 v4 @ 2.30 ghz,4,1,16,73126,2954,4.04%,56
standard_b4hms,bhms,intel xeon platinum 8171m cpu @ 2.60 ghz,4,1,16,68451,1571,2.29%,56
standard_b4hms,bhms,intel xeon platinum 8272cl cpu @ 2.60 ghz,4,1,16,83525,563,0.67%,14
standard_b4hms,bms,intel xeon cpu e5-2673 v3 @ 2.40ghz,4,1,16,70362,3310,4.70%,28
standard_b4ms,bms,intel xeon cpu e5-2673 v3 @ 2.40 ghz,4,1,16,70831,1135,1.60%,28
standard_b4ms,bms,intel xeon cpu e5-2673 v3 @ 2.40 ghz,8,1,32,141620,2256,1.59%,42
standard_b4ms,bms,intel xeon cpu e5-2673 v4 @ 2.30 ghz,4,1,16,70987,2287,3.22%,168
standard_b4ms,bms,intel xeon cpu e5-2673 v4 @ 2.30ghz,4,1,16,74405,2647,3.56%,112
standard_b4ms,bms,intel xeon platinum 8171m cpu @ 2.60 ghz,4,1,16,68796,1897,2.76%,84
standard_b4ms,bms,intel xeon platinum 8171m cpu @ 2.60ghz,4,1,16,71174,8008,11.25%,77
standard_b4ms,bms,intel xeon platinum 8272cl cpu @ 2.60 ghz,4,1,16,81712,4042,4.95%,70
standard_b4ms,bms,intel xeon platinum 8272cl cpu @ 2.60ghz,4,1,16,85894,1445,1.68%,21
standard_b8ms,bms,intel xeon cpu e5-2673 v3 @ 2.40ghz,8,1,32,144753,3091,2.14%,35
standard_b8ms,bms,intel xeon cpu e5-2673 v4 @ 2.30 ghz,8,1,32,139090,3229,2.32%,182
standard_b8ms,bms,intel xeon cpu e5-2673 v4 @ 2.30ghz,8,1,32,145027,1460,1.01%,98
standard_b8ms,bms,intel xeon platinum 8171m cpu @ 2.60 ghz,8,1,32,135510,2653,1.96%,112
standard_b8ms,bms,intel xeon platinum 8171m cpu @ 2.60ghz,8,1,32,138848,11991,8.64%,84
standard_b8ms,bms,intel xeon platinum 8272cl cpu @ 2.60 ghz,8,1,32,164510,2254,1.37%,14
standard_b8ms,bms,intel xeon platinum 8272cl cpu @ 2.60ghz,8,1,32,170427,2402,1.41%,14
standard_b8ms,dv2,intel xeon cpu e5-2673 v3 @ 2.40ghz,2,1,14,33085,1835,5.55%,196
standard_d11_v2,dv2,intel xeon cpu e5-2673 v3 @ 2.40ghz,2,1,14,37655,1925,5.11%,70
standard_d11_v2,dv2,intel xeon cpu e5-2673 v3 @ 2.40ghz,4,1,28,65877,3537,5.37%,196
standard_d11_v2,dv2,intel xeon cpu e5-2673 v4 @ 2.30ghz,2,1,14,33998,3523,10.36%,168
standard_d11_v2,dv2,intel xeon cpu e5-2673 v4 @ 2.30ghz,2,1,14,39953,3019,7.56%,70
standard_d11_v2,dv2,intel xeon platinum 8171m cpu @ 2.60ghz,2,1,14,32964,2690,8.16%,140
standard_d11_v2,dv2,intel xeon platinum 8171m cpu @ 2.60ghz,2,1,14,37979,1830,4.82%,56
standard_d11_v2,dv2,intel xeon platinum 8272cl cpu @ 2.60ghz,2,1,14,39330,3092,7.86%,28
standard_d12_v2,dv2,intel xeon cpu e5-2673 v3 @ 2.40ghz,4,1,28,71521,4218,5.90%,77
standard_d12_v2,dv2,intel xeon cpu e5-2673 v3 @ 2.40ghz,8,1,56,133275,7394,5.55%,182
standard_d12_v2,dv2,intel xeon cpu e5-2673 v4 @ 2.30ghz,4,1,28,66128,4438,6.71%,210
standard_d12_v2,dv2,intel xeon cpu e5-2673 v4 @ 2.30ghz,4,1,28,77439,5095,6.58%,70
standard_d12_v2,dv2,intel xeon platinum 8171m cpu @ 2.60ghz,4,1,28,63397,4021,6.34%,98
standard_d12_v2,dv2,intel xeon platinum 8171m cpu @ 2.60ghz,4,1,28,73464,1263,1.72%,56
standard_d12_v2,dv2,intel xeon platinum 8272cl cpu @ 2.60ghz,4,1,28,80559,3760,4.67%,14
standard_d12_v2,dv2,intel xeon platinum 8272cl cpu @ 2.60ghz,4,1,28,87100,434,0.50%,7
standard_d13_v2,dv2,intel xeon cpu e5-2673 v3 @ 2.40ghz,16,2,112,253422,9024,3.56%,224
standard_d13_v2,dv2,intel xeon cpu e5-2673 v3 @ 2.40ghz,8,1,56,141552,16057,11.34%,70
standard_d13_v2,dv2,intel xeon cpu e5-2673 v4 @ 2.30ghz,8,1,56,127557,3854,3.02%,210
standard_d13_v2,dv2,intel xeon cpu e5-2673 v4 @ 2.30ghz,8,1,56,148352,2754,1.86%,70
standard_d13_v2,dv2,intel xeon platinum 8171m cpu @ 2.60ghz,8,1,56,120793,1444,1.20%,70
standard_d13_v2,dv2,intel xeon platinum 8171m cpu @ 2.60ghz,8,1,56,141946,3604,2.54%,42
standard_d13_v2,dv2,intel xeon platinum 8272cl cpu @ 2.60ghz,8,1,56,151473,7667,5.06%,42
standard_d13_v2,dv2,intel xeon platinum 8272cl cpu @ 2.60ghz,8,1,56,167641,1680,1.00%,7
standard_d14_v2,div2,intel xeon cpu e5-2673 v4 @ 2.30ghz,20,1,140,323411,10041,3.10%,462
standard_d14_v2,dv2,intel xeon cpu e5-2673 v3 @ 2.40ghz,16,2,112,283793,5207,1.83%,77
standard_d14_v2,dv2,intel xeon cpu e5-2673 v4 @ 2.30ghz,16,1,112,261437,12701,4.86%,140
standard_d14_v2,dv2,intel xeon cpu e5-2673 v4 @ 2.30ghz,16,1,112,297163,1817,0.61%,63
standard_d14_v2,dv2,intel xeon platinum 8171m cpu @ 2.60ghz,16,1,112,246994,6166,2.50%,98
standard_d14_v2,dv2,intel xeon platinum 8171m cpu @ 2.60ghz,16,1,112,286817,4109,1.43%,49
standard_d14_v2,dv2,intel xeon platinum 8272cl cpu @ 2.60ghz,16,1,112,315200,15164,4.81%,28
standard_d15i_v2,div2,intel xeon platinum 8272cl cpu @ 2.60ghz,20,1,140,370436,5018,1.35%,28
standard_d15i_v2,dv2,intel xeon cpu e5-2673 v3 @ 2.40ghz,20,2,140,315711,8560,2.71%,252
standard_d15_v2,dadsv5,amd epyc 7763 64-core processor,16,1,62.8,306800,941,0.31%,35
standard_d15_v2,dv2,intel xeon cpu e5-2673 v3 @ 2.40ghz,20,2,140,354279,6021,1.70%,35
standard_d15_v2,dv2,intel xeon cpu e5-2673 v4 @ 2.30ghz,20,1,140,321475,12246,3.81%,168
standard_d15_v2,dv2,intel xeon platinum 8171m cpu @ 2.60ghz,20,1,140,314692,11528,3.66%,56
standard_d15_v2,dv2,intel xeon platinum 8272cl cpu @ 2.60ghz,20,1,140,418475,58044,13.87%,154
standard_d16ads_v5,dasv4,amd epyc 7452 32-core processor,16,2,64,286789,5984,2.09%,224
standard_d16as_v4,dasv4,amd epyc 7452 32-core processor,16,2,64,292074,9782,3.35%,91
standard_d16as_v4,dasv5,amd epyc 7763 64-core processor,16,1,62.8,304560,3347,1.10%,35
standard_d16as_v5,dav4,amd epyc 7452 32-core processor,16,2,64,287479,4907,1.71%,238
standard_d16a_v4,dav4,amd epyc 7452 32-core processor,16,2,64,293654,6263,2.13%,161
standard_d16a_v4,ddsv4,intel xeon platinum 8272cl cpu @ 2.60ghz,16,1,64,262436,9177,3.50%,336
standard_d16ds_v4,ddsv4,intel xeon platinum 8272cl cpu @ 2.60ghz,16,1,64,271137,1374,0.51%,189
standard_d16ds_v4,ddsv5,intel xeon platinum 8370c cpu @ 2.80ghz,16,1,62.8,273303,1122,0.41%,56
standard_d16ds_v5,ddv4,intel xeon platinum 8272cl cpu @ 2.60ghz,16,1,64,263568,7317,2.78%,336
standard_d16d_v4,ddv4,intel xeon platinum 8272cl cpu @ 2.60ghz,16,1,64,271216,1630,0.60%,189
standard_d16d_v4,ddv5,intel xeon platinum 8370c cpu @ 2.80ghz,16,1,62.8,273463,1085,0.40%,49
standard_d16d_v5,dsv3,intel xeon cpu e5-2673 v3 @ 2.40ghz,16,1,64,179390,1403,0.78%,42
standard_d16s_v3,dsv3,intel xeon cpu e5-2673 v3 @ 2.40ghz,16,1,64,199434,1886,0.95%,35
standard_d16s_v3,dsv3,intel xeon cpu e5-2673 v4 @ 2.30ghz,16,1,64,173313,14382,8.30%,98
standard_d16s_v3,dsv3,intel xeon cpu e5-2673 v4 @ 2.30ghz,16,1,64,196242,5336,2.72%,77
standard_d16s_v3,dsv3,intel xeon platinum 8171m cpu @ 2.60ghz,16,1,64,171750,1261,0.73%,70
standard_d16s_v3,dsv3,intel xeon platinum 8171m cpu @ 2.60ghz,16,1,64,200086,3164,1.58%,98
standard_d16s_v3,dsv3,intel xeon platinum 8272cl cpu @ 2.60ghz,16,1,64,204568,2434,1.19%,14
standard_d16s_v3,dsv3,intel xeon platinum 8272cl cpu @ 2.60ghz,16,1,64,239837,1457,0.61%,28
standard_d16s_v3,dsv4,intel xeon platinum 8272cl cpu @ 2.60ghz,16,1,64,242206,16772,6.92%,406
standard_d16s_v4,dsv4,intel xeon platinum 8272cl cpu @ 2.60ghz,16,1,64,271053,1429,0.53%,182
standard_d16s_v4,dsv5,intel xeon platinum 8370c cpu @ 2.80ghz,16,1,62.8,250482,19982,7.98%,49
standard_d16s_v5,dv3,intel xeon cpu e5-2673 v3 @ 2.40ghz,16,1,64,198362,2228,1.12%,84
standard_d16_v3,dv3,intel xeon cpu e5-2673 v4 @ 2.30ghz,16,1,64,193498,2080,1.07%,77
standard_d16_v3,dv3,intel xeon platinum 8171m cpu @ 2.60ghz,16,1,64,199683,1862,0.93%,63
standard_d16_v3,dv3,intel xeon platinum 8272cl cpu @ 2.60ghz,16,1,64,239145,1767,0.74%,7
standard_d16_v3,dv4,intel xeon platinum 8272cl cpu @ 2.60ghz,16,1,64,245522,17151,6.99%,812
standard_d16_v4,dv4,intel xeon platinum 8272cl cpu @ 2.60ghz,16,1,64,271203,1345,0.50%,182
standard_d16_v4,dv5,intel xeon platinum 8370c cpu @ 2.80ghz,16,1,62.8,247579,18327,7.40%,42
standard_d16_v5,dv2,intel xeon cpu e5-2673 v3 @ 2.40ghz,1,1,3.5,17093,1249,7.30%,224
standard_d1_v2,dadsv5,amd epyc 7763 64-core processor,2,1,7.8,38919,41,0.10%,35
standard_d1_v2,dv2,intel xeon cpu e5-2673 v3 @ 2.40ghz,1,1,3.5,19112,851,4.45%,105
standard_d1_v2,dv2,intel xeon cpu e5-2673 v4 @ 2.30ghz,1,1,3.5,17229,1954,11.34%,182
standard_d1_v2,dv2,intel xeon cpu e5-2673 v4 @ 2.30ghz,1,1,3.5,21866,1802,8.24%,49
standard_d1_v2,dv2,intel xeon platinum 8171m cpu @ 2.60ghz,1,1,3.5,16474,1558,9.46%,112
standard_d1_v2,dv2,intel xeon platinum 8171m cpu @ 2.60ghz,1,1,3.5,19641,808,4.11%,63
standard_d1_v2,dv2,intel xeon platinum 8272cl cpu @ 2.60ghz,1,1,3.5,21631,306,1.41%,14
standard_d2ads_v5,dasv4,amd epyc 7452 32-core processor,2,1,8,37986,1199,3.16%,238
standard_d2as_v4,dasv4,amd epyc 7452 32-core processor,2,1,8,38230,313,0.82%,77
standard_d2as_v4,dasv5,amd epyc 7763 64-core processor,2,1,7.8,38869,118,0.30%,35
standard_d2as_v5,dav4,amd epyc 7452 32-core processor,2,1,8,38028,995,2.62%,238
standard_d2a_v4,dav4,amd epyc 7452 32-core processor,2,1,8,38061,1219,3.20%,119
standard_d2a_v4,ddsv4,intel xeon platinum 8272cl cpu @ 2.60ghz,2,1,8,34621,1588,4.59%,336
standard_d2ds_v4,ddsv4,intel xeon platinum 8272cl cpu @ 2.60ghz,2,1,8,35557,740,2.08%,189
standard_d2ds_v4,ddsv5,intel xeon platinum 8370c cpu @ 2.80ghz,2,1,7.8,34926,11,0.03%,56
standard_d2ds_v5,ddv4,intel xeon platinum 8272cl cpu @ 2.60ghz,2,1,8,34704,1455,4.19%,336
standard_d2d_v4,ddv4,intel xeon platinum 8272cl cpu @ 2.60ghz,2,1,8,35640,371,1.04%,189
standard_d2d_v4,ddv5,intel xeon platinum 8370c cpu @ 2.80ghz,2,1,7.8,34923,16,0.05%,70
standard_d2d_v5,dsv3,intel xeon cpu e5-2673 v3 @ 2.40ghz,2,1,8,23534,724,3.08%,42
standard_d2s_v3,dsv3,intel xeon cpu e5-2673 v3 @ 2.40ghz,2,1,8,26323,1194,4.54%,35
standard_d2s_v3,dsv3,intel xeon cpu e5-2673 v4 @ 2.30ghz,2,1,8,24742,2045,8.27%,112
standard_d2s_v3,dsv3,intel xeon cpu e5-2673 v4 @ 2.30ghz,2,1,8,27724,2091,7.54%,84
standard_d2s_v3,dsv3,intel xeon platinum 8171m cpu @ 2.60ghz,2,1,8,24822,3702,14.91%,126
standard_d2s_v3,dsv3,intel xeon platinum 8171m cpu @ 2.60ghz,2,1,8,26916,1424,5.29%,91
standard_d2s_v3,dsv3,intel xeon platinum 8272cl cpu @ 2.60ghz,2,1,8,30392,1514,4.98%,28
standard_d2s_v3,dsv3,intel xeon platinum 8272cl cpu @ 2.60ghz,2,1,8,31342,18,0.06%,21
standard_d2s_v3,dsv4,intel xeon platinum 8272cl cpu @ 2.60ghz,2,1,8,31643,3054,9.65%,406
standard_d2s_v4,dsv4,intel xeon platinum 8272cl cpu @ 2.60ghz,2,1,8,35794,578,1.61%,175
standard_d2s_v4,dsv5,intel xeon platinum 8370c cpu @ 2.80ghz,2,1,7.8,32093,2789,8.69%,63
standard_d2s_v5,dv2,intel xeon cpu e5-2673 v3 @ 2.40ghz,2,1,7,33613,1961,5.83%,196
standard_d2_v2,dv2,intel xeon cpu e5-2673 v3 @ 2.40ghz,2,1,7,36684,1542,4.20%,112
standard_d2_v2,dv2,intel xeon cpu e5-2673 v4 @ 2.30ghz,2,1,7,34301,2859,8.34%,168
standard_d2_v2,dv2,intel xeon cpu e5-2673 v4 @ 2.30ghz,2,1,7,40452,2922,7.22%,42
standard_d2_v2,dv2,intel xeon platinum 8171m cpu @ 2.60ghz,2,1,7,34041,2386,7.01%,140
standard_d2_v2,dv2,intel xeon platinum 8171m cpu @ 2.60ghz,2,1,7,37109,1525,4.11%,63
standard_d2_v2,dv2,intel xeon platinum 8272cl cpu @ 2.60ghz,2,1,7,37309,911,2.44%,14
standard_d2_v2,dv3,intel xeon cpu e5-2673 v3 @ 2.40ghz,2,1,8,23795,1893,7.96%,70
standard_d2_v3,dv3,intel xeon cpu e5-2673 v3 @ 2.40ghz,2,1,8,25478,977,3.84%,91
standard_d2_v3,dv3,intel xeon cpu e5-2673 v4 @ 2.30ghz,2,1,8,24582,2036,8.28%,154
standard_d2_v3,dv3,intel xeon cpu e5-2673 v4 @ 2.30ghz,2,1,8,26601,1381,5.19%,70
standard_d2_v3,dv3,intel xeon platinum 8171m cpu @ 2.60ghz,2,1,8,24376,1915,7.86%,84
standard_d2_v3,dv3,intel xeon platinum 8171m cpu @ 2.60ghz,2,1,8,27116,1688,6.23%,70
standard_d2_v3,dv3,intel xeon platinum 8272cl cpu @ 2.60ghz,2,1,8,31352,22,0.07%,7
standard_d2_v3,dv4,intel xeon platinum 8272cl cpu @ 2.60ghz,2,1,8,31469,2948,9.37%,406
standard_d2_v4,dv4,intel xeon platinum 8272cl cpu @ 2.60ghz,2,1,8,35651,228,0.64%,182
standard_d2_v4,dv5,intel xeon platinum 8370c cpu @ 2.80ghz,2,1,7.8,29597,565,1.91%,49
standard_d2_v5,dadsv5,amd epyc 7763 64-core processor,32,1,125.8,600925,7721,1.28%,35
standard_d32ads_v5,dasv4,amd epyc 7452 32-core processor,32,4,128,566270,8484,1.50%,140
standard_d32as_v4,dasv4,amd epyc 7452 32-core processor,32,4,128,575465,14574,2.53%,98
standard_d32as_v4,dasv5,amd epyc 7763 64-core processor,32,1,125.8,599269,8844,1.48%,35
standard_d32as_v5,dav4,amd epyc 7452 32-core processor,32,4,128,567019,11019,1.94%,210
standard_d32a_v4,dav4,amd epyc 7452 32-core processor,32,4,128,571897,16009,2.80%,147
standard_d32a_v4,ddsv4,intel xeon platinum 8272cl cpu @ 2.60ghz,32,1,128,531747,5956,1.12%,322
standard_d32ds_v4,ddsv4,intel xeon platinum 8272cl cpu @ 2.60ghz,32,1,128,540212,4954,0.92%,189
standard_d32ds_v4,ddsv5,intel xeon platinum 8370c cpu @ 2.80ghz,32,1,125.8,545658,2409,0.44%,49
standard_d32ds_v5,ddv4,intel xeon platinum 8272cl cpu @ 2.60ghz,32,1,128,527571,11076,2.10%,336
standard_d32d_v4,ddv4,intel xeon platinum 8272cl cpu @ 2.60ghz,32,1,128,540052,4426,0.82%,189
standard_d32d_v4,ddv5,intel xeon platinum 8370c cpu @ 2.80ghz,32,1,125.8,544718,2672,0.49%,49
standard_d32d_v5,dsv3,intel xeon cpu e5-2673 v3 @ 2.40ghz,32,2,128,358426,6880,1.92%,56
standard_d32s_v3,dsv3,intel xeon cpu e5-2673 v3 @ 2.40ghz,32,2,128,389200,3438,0.88%,35
standard_d32s_v3,dsv3,intel xeon cpu e5-2673 v4 @ 2.30ghz,32,1,128,364032,20351,5.59%,84
standard_d32s_v3,dsv3,intel xeon cpu e5-2673 v4 @ 2.30ghz,32,1,128,390983,1845,0.47%,91
standard_d32s_v3,dsv3,intel xeon platinum 8171m cpu @ 2.60ghz,32,1,128,346172,2859,0.83%,84
standard_d32s_v3,dsv3,intel xeon platinum 8171m cpu @ 2.60ghz,32,1,128,397239,2996,0.75%,77
standard_d32s_v3,dsv3,intel xeon platinum 8272cl cpu @ 2.60ghz,32,1,128,478885,1968,0.41%,35
standard_d32s_v3,dsv4,intel xeon platinum 8272cl cpu @ 2.60ghz,32,1,128,483021,28105,5.82%,392
standard_d32s_v4,dsv4,intel xeon platinum 8272cl cpu @ 2.60ghz,32,1,128,539271,8236,1.53%,182
standard_d32s_v4,dsv5,intel xeon platinum 8370c cpu @ 2.80ghz,32,1,125.8,500612,33756,6.74%,42
standard_d32s_v5,dv3,intel xeon cpu e5-2673 v3 @ 2.40ghz,32,2,128,353069,3792,1.07%,70
standard_d32_v3,dv3,intel xeon cpu e5-2673 v3 @ 2.40ghz,32,2,128,387724,3770,0.97%,63
standard_d32_v3,dv3,intel xeon cpu e5-2673 v4 @ 2.30ghz,32,1,128,358984,19517,5.44%,126
standard_d32_v3,dv3,intel xeon cpu e5-2673 v4 @ 2.30ghz,32,1,128,388466,9936,2.56%,112
standard_d32_v3,dv3,intel xeon platinum 8171m cpu @ 2.60ghz,32,1,128,356479,16176,4.54%,126
standard_d32_v3,dv3,intel xeon platinum 8171m cpu @ 2.60ghz,32,1,128,397605,2423,0.61%,49
standard_d32_v3,dv3,intel xeon platinum 8272cl cpu @ 2.60ghz,32,1,128,479158,1356,0.28%,14
standard_d32_v3,dv4,intel xeon platinum 8272cl cpu @ 2.60ghz,32,1,128,487165,28119,5.77%,378
standard_d32_v4,dv4,intel xeon platinum 8272cl cpu @ 2.60ghz,32,1,128,539406,5745,1.07%,182
standard_d32_v4,dv5,intel xeon platinum 8370c cpu @ 2.80ghz,32,1,125.8,475867,11659,2.45%,35
standard_d32_v5,dv2,intel xeon cpu e5-2673 v3 @ 2.40ghz,4,1,14,65186,3256,4.99%,196
standard_d3_v2,dadsv5,amd epyc 7763 64-core processor,48,1,188.7,893740,12161,1.36%,35
standard_d3_v2,dv2,intel xeon cpu e5-2673 v3 @ 2.40ghz,4,1,14,72681,1424,1.96%,84
standard_d3_v2,dv2,intel xeon cpu e5-2673 v4 @ 2.30ghz,4,1,14,66161,3850,5.82%,168
standard_d3_v2,dv2,intel xeon cpu e5-2673 v4 @ 2.30ghz,4,1,14,76631,4948,6.46%,70
standard_d3_v2,dv2,intel xeon platinum 8171m cpu @ 2.60ghz,4,1,14,65731,4742,7.21%,126
standard_d3_v2,dv2,intel xeon platinum 8171m cpu @ 2.60ghz,4,1,14,73768,2279,3.09%,56
standard_d3_v2,dv2,intel xeon platinum 8272cl cpu @ 2.60ghz,4,1,14,78383,5224,6.67%,28
standard_d48ads_v5,dasv4,amd epyc 7452 32-core processor,48,6,192,829547,15679,1.89%,126
standard_d48as_v4,dasv4,amd epyc 7452 32-core processor,48,6,192,843316,21739,2.58%,105
standard_d48as_v4,dasv5,amd epyc 7763 64-core processor,48,1,188.7,896034,12918,1.44%,35
standard_d48as_v5,dav4,amd epyc 7452 32-core processor,48,6,192,835617,13097,1.57%,140
standard_d48a_v4,dav4,amd epyc 7452 32-core processor,48,6,192,837332,22923,2.74%,161
standard_d48a_v4,ddsv4,intel xeon platinum 8272cl cpu @ 2.60ghz,48,1,192,750843,15060,2.01%,420
standard_d48ds_v4,ddsv4,intel xeon platinum 8272cl cpu @ 2.60ghz,48,1,192,756538,15048,1.99%,154
standard_d48ds_v4,ddsv4,intel xeon platinum 8272cl cpu @ 2.60ghz,48,2,192,753948,31559,4.19%,252
standard_d48ds_v4,ddsv4,intel xeon platinum 8272cl cpu @ 2.60ghz,48,2,192,775291,11776,1.52%,35
standard_d48ds_v4,ddsv5,intel xeon platinum 8370c cpu @ 2.80ghz,48,1,188.7,813359,5923,0.73%,49
standard_d48ds_v5,ddv4,intel xeon platinum 8272cl cpu @ 2.60ghz,48,1,192,742908,19323,2.60%,378
standard_d48d_v4,ddv4,intel xeon platinum 8272cl cpu @ 2.60ghz,48,1,192,744246,20864,2.80%,147
standard_d48d_v4,ddv4,intel xeon platinum 8272cl cpu @ 2.60ghz,48,2,192,759921,18783,2.47%,280
standard_d48d_v4,ddv4,intel xeon platinum 8272cl cpu @ 2.60ghz,48,2,192,769702,10800,1.40%,42
standard_d48d_v4,ddv5,intel xeon platinum 8370c cpu @ 2.80ghz,48,1,188.7,812195,7150,0.88%,56
standard_d48d_v5,dsv3,intel xeon cpu e5-2673 v4 @ 2.30ghz,48,2,192,571460,4725,0.83%,112
standard_d48s_v3,dsv3,intel xeon platinum 8171m cpu @ 2.60ghz,48,1,192,581930,3357,0.58%,63
standard_d48s_v3,dsv3,intel xeon platinum 8171m cpu @ 2.60ghz,48,2,192,578181,5736,0.99%,35
standard_d48s_v3,dsv3,intel xeon platinum 8272cl cpu @ 2.60ghz,48,1,192,698208,8889,1.27%,28
standard_d48s_v3,dsv4,intel xeon platinum 8272cl cpu @ 2.60ghz,48,1,192,694366,33144,4.77%,280
standard_d48s_v4,dsv4,intel xeon platinum 8272cl cpu @ 2.60ghz,48,1,192,743539,18204,2.45%,140
standard_d48s_v4,dsv4,intel xeon platinum 8272cl cpu @ 2.60ghz,48,2,192,705192,24651,3.50%,126
standard_d48s_v4,dsv4,intel xeon platinum 8272cl cpu @ 2.60ghz,48,2,192,772877,9466,1.22%,35
standard_d48s_v4,dsv5,intel xeon platinum 8370c cpu @ 2.80ghz,48,1,188.7,725001,39805,5.49%,35
standard_d48s_v5,dv3,intel xeon cpu e5-2673 v4 @ 2.30ghz,48,2,192,569331,6445,1.13%,140
standard_d48_v3,dv3,intel xeon platinum 8171m cpu @ 2.60ghz,48,1,192,578441,6615,1.14%,70
standard_d48_v3,dv3,intel xeon platinum 8171m cpu @ 2.60ghz,48,2,192,576459,7500,1.30%,21
standard_d48_v3,dv3,intel xeon platinum 8272cl cpu @ 2.60ghz,48,1,192,693147,8980,1.30%,7
standard_d48_v3,dv4,intel xeon platinum 8272cl cpu @ 2.60ghz,48,1,192,688018,24945,3.63%,252
standard_d48_v4,dv4,intel xeon platinum 8272cl cpu @ 2.60ghz,48,1,192,745137,17607,2.36%,154
standard_d48_v4,dv4,intel xeon platinum 8272cl cpu @ 2.60ghz,48,2,192,696691,30283,4.35%,112
standard_d48_v4,dv4,intel xeon platinum 8272cl cpu @ 2.60ghz,48,2,192,771269,7936,1.03%,28
standard_d48_v4,dv5,intel xeon platinum 8370c cpu @ 2.80ghz,48,1,188.7,733540,43528,5.93%,35
standard_d48_v5,dadsv5,amd epyc 7763 64-core processor,4,1,15.6,72644,172,0.24%,35
standard_d4ads_v5,dasv4,amd epyc 7452 32-core processor,4,1,16,71707,790,1.10%,98
standard_d4as_v4,dasv4,amd epyc 7452 32-core processor,4,1,16,75828,1343,1.77%,196
standard_d4as_v4,dasv5,amd epyc 7763 64-core processor,4,1,15.6,72928,460,0.63%,35
standard_d4as_v5,dav4,amd epyc 7452 32-core processor,4,1,16,70996,2280,3.21%,140
standard_d4a_v4,dav4,amd epyc 7452 32-core processor,4,1,16,75058,1874,2.50%,238
standard_d4a_v4,ddsv4,intel xeon platinum 8272cl cpu @ 2.60ghz,4,1,16,65958,788,1.19%,189
standard_d4ds_v4,ddsv4,intel xeon platinum 8272cl cpu @ 2.60ghz,4,1,16,66583,2327,3.49%,336
standard_d4ds_v4,ddsv5,intel xeon platinum 8370c cpu @ 2.80ghz,4,1,15.6,68673,207,0.30%,56
standard_d4ds_v5,ddv4,intel xeon platinum 8272cl cpu @ 2.60ghz,4,1,16,65767,590,0.90%,189
standard_d4d_v4,ddv4,intel xeon platinum 8272cl cpu @ 2.60ghz,4,1,16,66629,2005,3.01%,336
standard_d4d_v4,ddv5,intel xeon platinum 8370c cpu @ 2.80ghz,4,1,15.6,68696,234,0.34%,56
standard_d4d_v5,dsv3,intel xeon cpu e5-2673 v3 @ 2.40ghz,4,1,16,44404,537,1.21%,28
standard_d4s_v3,dsv3,intel xeon cpu e5-2673 v3 @ 2.40ghz,4,1,16,50716,1058,2.09%,35
standard_d4s_v3,dsv3,intel xeon cpu e5-2673 v4 @ 2.30ghz,4,1,16,45725,4388,9.60%,154
standard_d4s_v3,dsv3,intel xeon cpu e5-2673 v4 @ 2.30ghz,4,1,16,52445,3515,6.70%,77
standard_d4s_v3,dsv3,intel xeon platinum 8171m cpu @ 2.60ghz,4,1,16,46590,3963,8.51%,112
standard_d4s_v3,dsv3,intel xeon platinum 8171m cpu @ 2.60ghz,4,1,16,50029,3332,6.66%,91
standard_d4s_v3,dsv3,intel xeon platinum 8272cl cpu @ 2.60ghz,4,1,16,50797,306,0.60%,28
standard_d4s_v3,dsv3,intel xeon platinum 8272cl cpu @ 2.60ghz,4,1,16,57991,277,0.48%,35
standard_d4s_v3,dsv4,intel xeon platinum 8272cl cpu @ 2.60ghz,4,1,16,60878,4594,7.55%,392
standard_d4s_v4,dsv4,intel xeon platinum 8272cl cpu @ 2.60ghz,4,1,16,65910,668,1.01%,182
standard_d4s_v4,dsv5,intel xeon platinum 8370c cpu @ 2.80ghz,4,1,15.6,67114,3816,5.69%,42
standard_d4s_v5,dv2,intel xeon cpu e5-2673 v3 @ 2.40ghz,8,1,28,129637,5291,4.08%,238
standard_d4_v2,dv2,intel xeon cpu e5-2673 v3 @ 2.40ghz,8,1,28,141204,19309,13.67%,70
standard_d4_v2,dv2,intel xeon cpu e5-2673 v4 @ 2.30ghz,8,1,28,126313,2045,1.62%,182
standard_d4_v2,dv2,intel xeon cpu e5-2673 v4 @ 2.30ghz,8,1,28,149027,1783,1.20%,98
standard_d4_v2,dv2,intel xeon platinum 8171m cpu @ 2.60ghz,8,1,28,120903,1877,1.55%,84
standard_d4_v2,dv2,intel xeon platinum 8171m cpu @ 2.60ghz,8,1,28,143576,1305,0.91%,49
standard_d4_v2,dv2,intel xeon platinum 8272cl cpu @ 2.60ghz,8,1,28,145529,1683,1.16%,14
standard_d4_v2,dv3,intel xeon cpu e5-2673 v3 @ 2.40ghz,4,1,16,45883,3929,8.56%,70
standard_d4_v3,dv3,intel xeon cpu e5-2673 v3 @ 2.40ghz,4,1,16,49708,2668,5.37%,77
standard_d4_v3,dv3,intel xeon cpu e5-2673 v4 @ 2.30ghz,4,1,16,46836,5296,11.31%,140
standard_d4_v3,dv3,intel xeon cpu e5-2673 v4 @ 2.30ghz,4,1,16,51650,3799,7.35%,91
standard_d4_v3,dv3,intel xeon platinum 8171m cpu @ 2.60ghz,4,1,16,46281,4133,8.93%,112
standard_d4_v3,dv3,intel xeon platinum 8171m cpu @ 2.60ghz,4,1,16,50025,2210,4.42%,70
standard_d4_v3,dv4,intel xeon platinum 8272cl cpu @ 2.60ghz,4,1,16,61806,4467,7.23%,406
standard_d4_v4,dv4,intel xeon platinum 8272cl cpu @ 2.60ghz,4,1,16,65896,647,0.98%,175
standard_d4_v4,dv5,intel xeon platinum 8370c cpu @ 2.80ghz,4,1,15.6,66338,3932,5.93%,56
standard_d4_v5,dv2,intel xeon cpu e5-2673 v3 @ 2.40ghz,16,2,56,253120,9301,3.67%,238
standard_d5_v2,dadsv5,amd epyc 7763 64-core processor,64,1,251.7,1195169,16506,1.38%,35
standard_d5_v2,dv2,intel xeon cpu e5-2673 v3 @ 2.40ghz,16,2,56,281644,9594,3.41%,105
standard_d5_v2,dv2,intel xeon cpu e5-2673 v4 @ 2.30ghz,16,1,56,258915,10136,3.91%,126
standard_d5_v2,dv2,intel xeon cpu e5-2673 v4 @ 2.30ghz,16,1,56,296879,2069,0.70%,28
standard_d5_v2,dv2,intel xeon platinum 8171m cpu @ 2.60ghz,16,1,56,242876,4157,1.71%,112
standard_d5_v2,dv2,intel xeon platinum 8171m cpu @ 2.60ghz,16,1,56,284996,5417,1.90%,77
standard_d5_v2,dv2,intel xeon platinum 8272cl cpu @ 2.60ghz,16,1,56,284831,20223,7.10%,28
standard_d64ads_v5,dasv4,amd epyc 7452 32-core processor,64,8,256,1088030,16708,1.54%,28
standard_d64as_v4,dasv4,amd epyc 7452 32-core processor,64,8,256,1120467,30714,2.74%,7
standard_d64as_v4,dasv5,amd epyc 7763 64-core processor,64,1,251.7,1195829,16444,1.38%,35
standard_d64as_v5,dav4,amd epyc 7452 32-core processor,64,8,256,1099165,21962,2.00%,252
standard_d64a_v4,dav4,amd epyc 7452 32-core processor,64,8,256,1126793,29148,2.59%,21
standard_d64a_v4,ddsv4,intel xeon platinum 8272cl cpu @ 2.60ghz,64,2,256,1025017,14482,1.41%,182
standard_d64ds_v4,ddsv5,intel xeon platinum 8370c cpu @ 2.80ghz,64,2,251.9,1061667,10151,0.96%,35
standard_d64ds_v5,ddv4,intel xeon platinum 8272cl cpu @ 2.60ghz,64,2,256,1021118,15896,1.56%,189
standard_d64d_v4,ddv5,intel xeon platinum 8370c cpu @ 2.80ghz,64,2,251.9,1061317,11637,1.10%,42
standard_d64d_v5,dsv3,intel xeon cpu e5-2673 v4 @ 2.30ghz,64,2,256,761965,4971,0.65%,49
standard_d64s_v3,dsv3,intel xeon platinum 8171m cpu @ 2.60ghz,64,2,256,767645,10497,1.37%,154
standard_d64s_v3,dsv3,intel xeon platinum 8272cl cpu @ 2.60ghz,64,2,256,909271,7791,0.86%,28
standard_d64s_v3,dsv4,intel xeon platinum 8272cl cpu @ 2.60ghz,64,2,256,1023014,17746,1.73%,364
standard_d64s_v4,dsv4,intel xeon platinum 8272cl cpu @ 2.60ghz,64,2,256,1024799,15499,1.51%,182
standard_d64s_v4,dsv5,intel xeon platinum 8370c cpu @ 2.80ghz,64,2,251.9,965147,62581,6.48%,42
standard_d64s_v5,dv3,intel xeon cpu e5-2673 v4 @ 2.30ghz,64,2,256,762667,5489,0.72%,42
standard_d64_v3,dv3,intel xeon platinum 8171m cpu @ 2.60ghz,64,2,256,766739,7516,0.98%,189
standard_d64_v3,dv3,intel xeon platinum 8272cl cpu @ 2.60ghz,64,2,256,916549,8944,0.98%,7
standard_d64_v3,dv4,intel xeon platinum 8272cl cpu @ 2.60ghz,64,2,256,1018300,23085,2.27%,392
standard_d64_v4,dv4,intel xeon platinum 8272cl cpu @ 2.60ghz,64,2,256,1020266,19814,1.94%,182
standard_d64_v4,dv5,intel xeon platinum 8370c cpu @ 2.80ghz,64,2,251.9,924146,9983,1.08%,35
standard_d64_v5,dadsv5,amd epyc 7763 64-core processor,8,1,31.4,153951,552,0.36%,35
standard_d8ads_v5,dasv4,amd epyc 7452 32-core processor,8,1,32,150134,2511,1.67%,210
standard_d8as_v4,dasv4,amd epyc 7452 32-core processor,8,1,32,151474,1599,1.06%,56
standard_d8as_v4,dasv5,amd epyc 7763 64-core processor,8,1,31.4,153842,462,0.30%,35
standard_d8as_v5,dav4,amd epyc 7452 32-core processor,8,1,32,149706,2520,1.68%,168
standard_d8a_v4,dav4,amd epyc 7452 32-core processor,8,1,32,151379,1946,1.29%,147
standard_d8a_v4,ddsv4,intel xeon platinum 8272cl cpu @ 2.60ghz,8,1,32,131888,3913,2.97%,336
standard_d8ds_v4,ddsv4,intel xeon platinum 8272cl cpu @ 2.60ghz,8,1,32,135907,1108,0.81%,189
standard_d8ds_v4,ddsv5,intel xeon platinum 8370c cpu @ 2.80ghz,8,1,31.4,136764,489,0.36%,49
standard_d8ds_v5,ddv4,intel xeon platinum 8272cl cpu @ 2.60ghz,8,1,32,131953,3911,2.96%,336
standard_d8d_v4,ddv4,intel xeon platinum 8272cl cpu @ 2.60ghz,8,1,32,135756,901,0.66%,189
standard_d8d_v4,ddv5,intel xeon platinum 8370c cpu @ 2.80ghz,8,1,31.4,136791,496,0.36%,42
standard_d8d_v5,dsv3,intel xeon cpu e5-2673 v3 @ 2.40ghz,8,1,32,89102,849,0.95%,56
standard_d8s_v3,dsv3,intel xeon cpu e5-2673 v3 @ 2.40ghz,8,1,32,99350,179,0.18%,7
standard_d8s_v3,dsv3,intel xeon cpu e5-2673 v4 @ 2.30ghz,8,1,32,101053,7572,7.49%,126
standard_d8s_v3,dsv3,intel xeon cpu e5-2673 v4 @ 2.30ghz,8,1,32,89422,6441,7.20%,154
standard_d8s_v3,dsv3,intel xeon platinum 8171m cpu @ 2.60ghz,8,1,32,102485,3143,3.07%,56
standard_d8s_v3,dsv3,intel xeon platinum 8171m cpu @ 2.60ghz,8,1,32,85673,2704,3.16%,112
standard_d8s_v3,dsv3,intel xeon platinum 8272cl cpu @ 2.60ghz,8,1,32,101753,1013,1.00%,14
standard_d8s_v3,dsv3,intel xeon platinum 8272cl cpu @ 2.60ghz,8,1,32,120003,546,0.46%,35
standard_d8s_v3,dsv4,intel xeon platinum 8272cl cpu @ 2.60ghz,8,1,32,119076,7683,6.45%,406
standard_d8s_v4,dsv4,intel xeon platinum 8272cl cpu @ 2.60ghz,8,1,32,135542,835,0.62%,182
standard_d8s_v4,dsv5,intel xeon platinum 8370c cpu @ 2.80ghz,8,1,31.4,129302,9365,7.24%,49
standard_d8s_v5,dv3,intel xeon cpu e5-2673 v3 @ 2.40ghz,8,1,32,100422,1323,1.32%,98
standard_d8_v3,dv3,intel xeon cpu e5-2673 v3 @ 2.40ghz,8,1,32,88815,1091,1.23%,126
standard_d8_v3,dv3,intel xeon cpu e5-2673 v4 @ 2.30ghz,8,1,32,89625,6366,7.10%,112
standard_d8_v3,dv3,intel xeon cpu e5-2673 v4 @ 2.30ghz,8,1,32,97861,5903,6.03%,91
standard_d8_v3,dv3,intel xeon platinum 8171m cpu @ 2.60ghz,8,1,32,100826,1597,1.58%,42
standard_d8_v3,dv3,intel xeon platinum 8171m cpu @ 2.60ghz,8,1,32,87549,3215,3.67%,98
standard_d8_v3,dv3,intel xeon platinum 8272cl cpu @ 2.60ghz,8,1,32,120063,559,0.47%,7
standard_d8_v3,dv4,intel xeon platinum 8272cl cpu @ 2.60ghz,8,1,32,120421,8407,6.98%,392
standard_d8_v4,dv4,intel xeon platinum 8272cl cpu @ 2.60ghz,8,1,32,135803,963,0.71%,182
standard_d8_v4,dv5,intel xeon platinum 8370c cpu @ 2.80ghz,8,1,31.4,121070,8218,6.79%,245
standard_d8_v5,dadsv5,amd epyc 7763 64-core processor,96,2,377.9,1831129,20839,1.14%,35
standard_d96ads_v5,dasv4,amd epyc 7452 32-core processor,96,12,384,n/a,-,-,-
standard_d96as_v4,dasv5,amd epyc 7763 64-core processor,96,2,377.9,1833797,20117,1.10%,35
standard_d96as_v5,dav4,amd epyc 7452 32-core processor,96,12,384,1590434,31887,2.00%,14
standard_d96a_v4,dav4,amd epyc 7452 32-core processor,96,12,384,n/a,-,-,-
standard_d96a_v4,ddsv5,intel xeon platinum 8370c cpu @ 2.80ghz,96,2,377.9,1577187,17287,1.10%,56
standard_d96ds_v5,ddv5,intel xeon platinum 8370c cpu @ 2.80ghz,96,2,377.9,1579691,19962,1.26%,49
standard_d96d_v5,dsv5,intel xeon platinum 8370c cpu @ 2.80ghz,96,2,377.9,1422950,79151,5.56%,35
standard_d96s_v5,dv5,intel xeon platinum 8370c cpu @ 2.80ghz,96,2,377.9,1378842,14644,1.06%,35
standard_d96_v5,dcdsv3,intel xeon platinum 8370c cpu @ 2.80ghz,16,1,125.8,440580,3915,0.89%,63
standard_dc16ds_v3,dcsv3,intel xeon platinum 8370c cpu @ 2.80ghz,16,1,125.8,439985,4224,0.96%,56
standard_dc16s_v3,dcdsv3,intel xeon platinum 8370c cpu @ 2.80ghz,1,1,7.8,29130,66,0.23%,42
standard_dc1ds_v3,dcsv2,intel xeon e-2288g cpu @ 3.70ghz,1,1,4,34418,162,0.47%,77
standard_dc1s_v2,dcsv3,intel xeon platinum 8370c cpu @ 2.80ghz,1,1,7.8,29127,72,0.25%,56
standard_dc1s_v3,dcdsv3,intel xeon platinum 8370c cpu @ 2.80ghz,24,1,188.7,656455,9830,1.50%,56
standard_dc24ds_v3,dcsv3,intel xeon platinum 8370c cpu @ 2.80ghz,24,1,188.7,659602,5809,0.88%,42
standard_dc24s_v3,dcdsv3,intel xeon platinum 8370c cpu @ 2.80ghz,2,1,15.6,55911,207,0.37%,56
standard_dc2ds_v3,dcs,intel xeon e-2176g cpu @ 3.70ghz,2,1,8,63426,391,0.62%,28
standard_dc2s,dcsv2,intel xeon e-2288g cpu @ 3.70ghz,2,1,8,68562,758,1.11%,77
standard_dc2s_v2,dcsv3,intel xeon platinum 8370c cpu @ 2.80ghz,2,1,15.6,55785,534,0.96%,56
standard_dc2s_v3,dcdsv3,intel xeon platinum 8370c cpu @ 2.80ghz,32,1,251.7,848418,18613,2.19%,35
standard_dc32ds_v3,dcsv3,intel xeon platinum 8370c cpu @ 2.80ghz,32,1,251.7,850747,8658,1.02%,63
standard_dc32s_v3,dcdsv3,intel xeon platinum 8370c cpu @ 2.80ghz,48,2,377.9,1228361,21388,1.74%,35
standard_dc48ds_v3,dcsv3,intel xeon platinum 8370c cpu @ 2.80ghz,48,2,377.9,1221232,25082,2.05%,63
standard_dc48s_v3,dcdsv3,intel xeon platinum 8370c cpu @ 2.80ghz,4,1,31.4,111549,745,0.67%,56
standard_dc4ds_v3,dcs,intel xeon e-2176g cpu @ 3.70ghz,4,1,16,124015,410,0.33%,21
standard_dc4s,dcsv2,intel xeon e-2288g cpu @ 3.70ghz,4,1,16,133836,1964,1.47%,77
standard_dc4s_v2,dcsv3,intel xeon platinum 8370c cpu @ 2.80ghz,4,1,31.4,111636,827,0.74%,63
standard_dc4s_v3,dcdsv3,intel xeon platinum 8370c cpu @ 2.80ghz,8,1,62.8,220223,2067,0.94%,42
standard_dc8ds_v3,dcsv3,intel xeon platinum 8370c cpu @ 2.80ghz,8,1,62.8,220443,2083,0.94%,56
standard_dc8s_v3,dcv2,intel xeon e-2288g cpu @ 3.70ghz,8,1,32,252047,3051,1.21%,77
standard_dc8_v2,dsv2,intel xeon cpu e5-2673 v3 @ 2.40ghz,1,1,14,16994,1127,6.63%,98
standard_ds11-1_v2,dsv2,intel xeon cpu e5-2673 v3 @ 2.40ghz,1,1,14,19615,846,4.31%,42
standard_ds11-1_v2,dsv2,intel xeon cpu e5-2673 v3 @ 2.40ghz,2,1,14,33150,2097,6.33%,112
standard_ds11-1_v2,dsv2,intel xeon cpu e5-2673 v4 @ 2.30ghz,1,1,14,17538,2029,11.57%,112
standard_ds11-1_v2,dsv2,intel xeon cpu e5-2673 v4 @ 2.30ghz,1,1,14,20835,1937,9.30%,42
standard_ds11-1_v2,dsv2,intel xeon platinum 8171m cpu @ 2.60ghz,1,1,14,17255,1647,9.54%,140
standard_ds11-1_v2,dsv2,intel xeon platinum 8171m cpu @ 2.60ghz,1,1,14,18765,767,4.09%,126
standard_ds11-1_v2,dsv2,intel xeon platinum 8272cl cpu @ 2.60ghz,1,1,14,19463,3017,15.50%,140
standard_ds11-1_v2,dsv2,intel xeon platinum 8272cl cpu @ 2.60ghz,1,1,14,23145,1425,6.16%,21
standard_ds11_v2,dsv2,intel xeon cpu e5-2673 v3 @ 2.40ghz,1,1,28,17253,1094,6.34%,56
standard_ds11_v2,dsv2,intel xeon cpu e5-2673 v3 @ 2.40ghz,2,1,14,37489,1314,3.50%,49
standard_ds11_v2,dsv2,intel xeon cpu e5-2673 v4 @ 2.30ghz,2,1,14,34294,3107,9.06%,182
standard_ds11_v2,dsv2,intel xeon cpu e5-2673 v4 @ 2.30ghz,2,1,14,40138,3286,8.19%,70
standard_ds11_v2,dsv2,intel xeon platinum 8171m cpu @ 2.60ghz,2,1,14,33447,2690,8.04%,98
standard_ds11_v2,dsv2,intel xeon platinum 8171m cpu @ 2.60ghz,2,1,14,37889,1096,2.89%,84
standard_ds11_v2,dsv2,intel xeon platinum 8272cl cpu @ 2.60ghz,2,1,14,37222,3740,10.05%,126
standard_ds11_v2,dsv2,intel xeon platinum 8272cl cpu @ 2.60ghz,2,1,14,44107,406,0.92%,28
standard_ds12-1_v2,dsv2,intel xeon cpu e5-2673 v3 @ 2.40ghz,1,1,28,19387,899,4.64%,56
standard_ds12-1_v2,dsv2,intel xeon cpu e5-2673 v3 @ 2.40ghz,2,1,28,35288,2477,7.02%,98
standard_ds12-1_v2,dsv2,intel xeon cpu e5-2673 v4 @ 2.30ghz,1,1,28,17748,2342,13.20%,182
standard_ds12-1_v2,dsv2,intel xeon cpu e5-2673 v4 @ 2.30ghz,1,1,28,22048,1729,7.84%,77
standard_ds12-1_v2,dsv2,intel xeon platinum 8171m cpu @ 2.60ghz,1,1,28,16866,1506,8.93%,154
standard_ds12-1_v2,dsv2,intel xeon platinum 8171m cpu @ 2.60ghz,1,1,28,19102,943,4.94%,70
standard_ds12-1_v2,dsv2,intel xeon platinum 8272cl cpu @ 2.60ghz,1,1,28,18925,2461,13.00%,140
standard_ds12-1_v2,dsv2,intel xeon platinum 8272cl cpu @ 2.60ghz,1,1,28,22205,32,0.14%,28
standard_ds12-2_v2,dsv2,intel xeon cpu e5-2673 v3 @ 2.40ghz,2,1,28,38766,1060,2.74%,56
standard_ds12-2_v2,dsv2,intel xeon cpu e5-2673 v3 @ 2.40ghz,4,1,28,65209,2830,4.34%,98
standard_ds12-2_v2,dsv2,intel xeon cpu e5-2673 v4 @ 2.30ghz,2,1,28,35716,2923,8.19%,140
standard_ds12-2_v2,dsv2,intel xeon cpu e5-2673 v4 @ 2.30ghz,2,1,28,41447,3954,9.54%,91
standard_ds12-2_v2,dsv2,intel xeon platinum 8171m cpu @ 2.60ghz,2,1,28,33884,3285,9.70%,112
standard_ds12-2_v2,dsv2,intel xeon platinum 8171m cpu @ 2.60ghz,2,1,28,37639,1579,4.19%,70
standard_ds12-2_v2,dsv2,intel xeon platinum 8272cl cpu @ 2.60ghz,2,1,28,39473,3712,9.40%,140
standard_ds12-2_v2,dsv2,intel xeon platinum 8272cl cpu @ 2.60ghz,2,1,28,44226,810,1.83%,14
standard_ds12_v2,dsv2,intel xeon cpu e5-2673 v3 @ 2.40ghz,2,1,56,34673,1705,4.92%,56
standard_ds12_v2,dsv2,intel xeon cpu e5-2673 v3 @ 2.40ghz,4,1,28,73222,1506,2.06%,42
standard_ds12_v2,dsv2,intel xeon cpu e5-2673 v4 @ 2.30ghz,4,1,28,70755,5315,7.51%,140
standard_ds12_v2,dsv2,intel xeon cpu e5-2673 v4 @ 2.30ghz,4,1,28,76452,5858,7.66%,77
standard_ds12_v2,dsv2,intel xeon platinum 8171m cpu @ 2.60ghz,4,1,28,62898,3666,5.83%,126
standard_ds12_v2,dsv2,intel xeon platinum 8171m cpu @ 2.60ghz,4,1,28,73140,3323,4.54%,84
standard_ds12_v2,dsv2,intel xeon platinum 8272cl cpu @ 2.60ghz,4,1,28,76876,7628,9.92%,140
standard_ds12_v2,dsv2,intel xeon platinum 8272cl cpu @ 2.60ghz,4,1,28,86916,1044,1.20%,28
standard_ds13-2_v2,dsv2,intel xeon cpu e5-2673 v3 @ 2.40ghz,2,1,56,38688,816,2.11%,56
standard_ds13-2_v2,dsv2,intel xeon cpu e5-2673 v3 @ 2.40ghz,4,1,56,67217,3774,5.61%,84
standard_ds13-2_v2,dsv2,intel xeon cpu e5-2673 v4 @ 2.30ghz,2,1,56,34869,4134,11.86%,182
standard_ds13-2_v2,dsv2,intel xeon cpu e5-2673 v4 @ 2.30ghz,2,1,56,39898,2493,6.25%,84
standard_ds13-2_v2,dsv2,intel xeon platinum 8171m cpu @ 2.60ghz,2,1,56,33986,2411,7.09%,112
standard_ds13-2_v2,dsv2,intel xeon platinum 8171m cpu @ 2.60ghz,2,1,56,38861,2788,7.17%,91
standard_ds13-2_v2,dsv2,intel xeon platinum 8272cl cpu @ 2.60ghz,2,1,56,39104,3607,9.22%,140
standard_ds13-4_v2,dsv2,intel xeon cpu e5-2673 v3 @ 2.40ghz,4,1,56,73105,1727,2.36%,70
standard_ds13-4_v2,dsv2,intel xeon cpu e5-2673 v3 @ 2.40ghz,8,1,56,136322,6996,5.13%,70
standard_ds13-4_v2,dsv2,intel xeon cpu e5-2673 v4 @ 2.30ghz,4,1,56,69377,6103,8.80%,210
standard_ds13-4_v2,dsv2,intel xeon cpu e5-2673 v4 @ 2.30ghz,4,1,56,77848,4307,5.53%,84
standard_ds13-4_v2,dsv2,intel xeon platinum 8171m cpu @ 2.60ghz,4,1,56,66193,6252,9.45%,70
standard_ds13-4_v2,dsv2,intel xeon platinum 8171m cpu @ 2.60ghz,4,1,56,74935,4384,5.85%,63
standard_ds13-4_v2,dsv2,intel xeon platinum 8272cl cpu @ 2.60ghz,4,1,56,76528,6662,8.71%,126
standard_ds13-4_v2,dsv2,intel xeon platinum 8272cl cpu @ 2.60ghz,4,1,56,86402,529,0.61%,14
standard_ds13_v2,dsv2,intel xeon cpu e5-2673 v3 @ 2.40ghz,4,2,112,67170,4554,6.78%,70
standard_ds13_v2,dsv2,intel xeon cpu e5-2673 v3 @ 2.40ghz,8,1,56,147234,1202,0.82%,56
standard_ds13_v2,dsv2,intel xeon cpu e5-2673 v4 @ 2.30ghz,8,1,56,127110,4330,3.41%,154
standard_ds13_v2,dsv2,intel xeon cpu e5-2673 v4 @ 2.30ghz,8,1,56,147218,1636,1.11%,70
standard_ds13_v2,dsv2,intel xeon platinum 8171m cpu @ 2.60ghz,8,1,56,126037,6952,5.52%,126
standard_ds13_v2,dsv2,intel xeon platinum 8171m cpu @ 2.60ghz,8,1,56,144612,1582,1.09%,84
standard_ds13_v2,dsv2,intel xeon platinum 8272cl cpu @ 2.60ghz,8,1,56,158319,11403,7.20%,140
standard_ds13_v2,dsv2,intel xeon platinum 8272cl cpu @ 2.60ghz,8,1,56,172617,755,0.44%,21
standard_ds14-4_v2,dsv2,intel xeon cpu e5-2673 v3 @ 2.40ghz,4,2,112,71287,2692,3.78%,42
standard_ds14-4_v2,dsv2,intel xeon cpu e5-2673 v3 @ 2.40ghz,8,2,112,125558,1961,1.56%,84
standard_ds14-4_v2,dsv2,intel xeon cpu e5-2673 v4 @ 2.30ghz,4,1,112,66748,4294,6.43%,140
standard_ds14-4_v2,dsv2,intel xeon cpu e5-2673 v4 @ 2.30ghz,4,1,112,81710,6156,7.53%,56
standard_ds14-4_v2,dsv2,intel xeon platinum 8171m cpu @ 2.60ghz,4,1,112,67116,7254,10.81%,140
standard_ds14-4_v2,dsv2,intel xeon platinum 8171m cpu @ 2.60ghz,4,1,112,75101,2765,3.68%,112
standard_ds14-4_v2,dsv2,intel xeon platinum 8272cl cpu @ 2.60ghz,4,1,112,75100,4719,6.28%,154
standard_ds14-4_v2,dsv2,intel xeon platinum 8272cl cpu @ 2.60ghz,4,1,112,86598,517,0.60%,21
standard_ds14-8_v2,dsv2,intel xeon cpu e5-2673 v3 @ 2.40ghz,16,2,112,255718,11055,4.32%,98
standard_ds14-8_v2,dsv2,intel xeon cpu e5-2673 v3 @ 2.40ghz,8,2,112,143882,4104,2.85%,49
standard_ds14-8_v2,dsv2,intel xeon cpu e5-2673 v4 @ 2.30ghz,8,1,112,128904,4055,3.15%,84
standard_ds14-8_v2,dsv2,intel xeon cpu e5-2673 v4 @ 2.30ghz,8,1,112,150389,4548,3.02%,70
standard_ds14-8_v2,dsv2,intel xeon platinum 8171m cpu @ 2.60ghz,8,1,112,127309,8301,6.52%,182
standard_ds14-8_v2,dsv2,intel xeon platinum 8171m cpu @ 2.60ghz,8,1,112,145955,2224,1.52%,105
standard_ds14-8_v2,dsv2,intel xeon platinum 8272cl cpu @ 2.60ghz,8,1,112,148717,13028,8.76%,140
standard_ds14-8_v2,dsv2,intel xeon platinum 8272cl cpu @ 2.60ghz,8,1,112,171910,754,0.44%,7
standard_ds14_v2,dsiv2,intel xeon cpu e5-2673 v3 @ 2.40ghz,20,2,140,330307,18294,5.54%,28
standard_ds14_v2,dsv2,intel xeon cpu e5-2673 v3 @ 2.40ghz,16,2,112,284796,4889,1.72%,49
standard_ds14_v2,dsv2,intel xeon cpu e5-2673 v4 @ 2.30ghz,16,1,112,263225,11664,4.43%,182
standard_ds14_v2,dsv2,intel xeon cpu e5-2673 v4 @ 2.30ghz,16,1,112,298261,1351,0.45%,63
standard_ds14_v2,dsv2,intel xeon platinum 8171m cpu @ 2.60ghz,16,1,112,257737,11726,4.55%,84
standard_ds14_v2,dsv2,intel xeon platinum 8171m cpu @ 2.60ghz,16,1,112,286993,3418,1.19%,98
standard_ds14_v2,dsv2,intel xeon platinum 8272cl cpu @ 2.60ghz,16,1,112,296962,22427,7.55%,126
standard_ds14_v2,dsv2,intel xeon platinum 8272cl cpu @ 2.60ghz,16,1,112,345521,1549,0.45%,21
standard_ds15i_v2,dsiv2,intel xeon cpu e5-2673 v4 @ 2.30ghz,20,1,140,330397,17469,5.29%,294
standard_ds15i_v2,dsiv2,intel xeon platinum 8272cl cpu @ 2.60ghz,20,1,140,371086,33246,8.96%,140
standard_ds15i_v2,dsv2,intel xeon cpu e5-2673 v3 @ 2.40ghz,20,2,140,314358,3189,1.01%,56
standard_ds15_v2,dsv2,intel xeon cpu e5-2673 v3 @ 2.40ghz,1,1,3.5,17338,2482,14.32%,98
standard_ds15_v2,dsv2,intel xeon cpu e5-2673 v3 @ 2.40ghz,20,2,140,355354,6693,1.88%,49
standard_ds15_v2,dsv2,intel xeon cpu e5-2673 v4 @ 2.30ghz,20,1,140,324517,14805,4.56%,168
standard_ds15_v2,dsv2,intel xeon platinum 8171m cpu @ 2.60ghz,20,1,140,312229,16417,5.26%,126
standard_ds15_v2,dsv2,intel xeon platinum 8272cl cpu @ 2.60ghz,20,1,140,369680,36859,9.97%,126
standard_ds15_v2,dsv2,intel xeon platinum 8272cl cpu @ 2.60ghz,20,1,140,421202,56292,13.36%,154
standard_ds1_v2,dsv2,intel xeon cpu e5-2673 v3 @ 2.40ghz,1,1,3.5,18952,876,4.62%,49
standard_ds1_v2,dsv2,intel xeon cpu e5-2673 v3 @ 2.40ghz,2,1,7,33367,1923,5.76%,98
standard_ds1_v2,dsv2,intel xeon cpu e5-2673 v4 @ 2.30ghz,1,1,3.5,18579,2267,12.20%,112
standard_ds1_v2,dsv2,intel xeon cpu e5-2673 v4 @ 2.30ghz,1,1,3.5,20066,937,4.67%,70
standard_ds1_v2,dsv2,intel xeon platinum 8171m cpu @ 2.60ghz,1,1,3.5,18617,2963,15.92%,168
standard_ds1_v2,dsv2,intel xeon platinum 8171m cpu @ 2.60ghz,1,1,3.5,19721,1686,8.55%,98
standard_ds1_v2,dsv2,intel xeon platinum 8272cl cpu @ 2.60ghz,1,1,3.5,20095,2368,11.79%,154
standard_ds1_v2,dsv2,intel xeon platinum 8272cl cpu @ 2.60ghz,1,1,3.5,22210,25,0.11%,14
standard_ds2_v2,dsv2,intel xeon cpu e5-2673 v3 @ 2.40ghz,2,1,7,37635,977,2.60%,70
standard_ds2_v2,dsv2,intel xeon cpu e5-2673 v3 @ 2.40ghz,4,1,14,67964,4394,6.47%,112
standard_ds2_v2,dsv2,intel xeon cpu e5-2673 v4 @ 2.30ghz,2,1,7,34329,4015,11.70%,182
standard_ds2_v2,dsv2,intel xeon cpu e5-2673 v4 @ 2.30ghz,2,1,7,39784,2446,6.15%,84
standard_ds2_v2,dsv2,intel xeon platinum 8171m cpu @ 2.60ghz,2,1,7,34084,3226,9.46%,154
standard_ds2_v2,dsv2,intel xeon platinum 8171m cpu @ 2.60ghz,2,1,7,37761,1322,3.50%,70
standard_ds2_v2,dsv2,intel xeon platinum 8272cl cpu @ 2.60ghz,2,1,7,38782,4385,11.31%,112
standard_ds2_v2,dsv2,intel xeon platinum 8272cl cpu @ 2.60ghz,2,1,7,44728,39,0.09%,7
standard_ds3_v2,dsv2,intel xeon cpu e5-2673 v3 @ 2.40ghz,4,1,14,73128,1720,2.35%,70
standard_ds3_v2,dsv2,intel xeon cpu e5-2673 v3 @ 2.40ghz,8,1,28,129452,4586,3.54%,98
standard_ds3_v2,dsv2,intel xeon cpu e5-2673 v4 @ 2.30ghz,4,1,14,67396,5434,8.06%,168
standard_ds3_v2,dsv2,intel xeon cpu e5-2673 v4 @ 2.30ghz,4,1,14,75583,4279,5.66%,70
standard_ds3_v2,dsv2,intel xeon platinum 8171m cpu @ 2.60ghz,4,1,14,63593,4477,7.04%,112
standard_ds3_v2,dsv2,intel xeon platinum 8171m cpu @ 2.60ghz,4,1,14,72459,1230,1.70%,91
standard_ds3_v2,dsv2,intel xeon platinum 8272cl cpu @ 2.60ghz,4,1,14,78599,8145,10.36%,140
standard_ds4_v2,dsv2,intel xeon cpu e5-2673 v3 @ 2.40ghz,16,2,56,250112,1907,0.76%,84
standard_ds4_v2,dsv2,intel xeon cpu e5-2673 v3 @ 2.40ghz,8,1,28,146804,1270,0.86%,49
standard_ds4_v2,dsv2,intel xeon cpu e5-2673 v4 @ 2.30ghz,8,1,28,128545,6193,4.82%,140
standard_ds4_v2,dsv2,intel xeon cpu e5-2673 v4 @ 2.30ghz,8,1,28,147510,3214,2.18%,98
standard_ds4_v2,dsv2,intel xeon platinum 8171m cpu @ 2.60ghz,8,1,28,125892,6614,5.25%,140
standard_ds4_v2,dsv2,intel xeon platinum 8171m cpu @ 2.60ghz,8,1,28,144002,1731,1.20%,70
standard_ds4_v2,dsv2,intel xeon platinum 8272cl cpu @ 2.60ghz,8,1,28,116687,59050,50.61%,14
standard_ds4_v2,dsv2,intel xeon platinum 8272cl cpu @ 2.60ghz,8,1,28,150995,10036,6.65%,98
standard_ds5_v2,dsv2,intel xeon cpu e5-2673 v3 @ 2.40ghz,16,2,56,284713,4702,1.65%,63
standard_ds5_v2,dsv2,intel xeon cpu e5-2673 v4 @ 2.30ghz,16,1,56,263493,11774,4.47%,182
standard_ds5_v2,dsv2,intel xeon cpu e5-2673 v4 @ 2.30ghz,16,1,56,297550,1502,0.50%,70
standard_ds5_v2,dsv2,intel xeon platinum 8171m cpu @ 2.60ghz,16,1,56,248170,10260,4.13%,126
standard_ds5_v2,dsv2,intel xeon platinum 8171m cpu @ 2.60ghz,16,1,56,287238,4723,1.64%,84
standard_ds5_v2,dsv2,intel xeon platinum 8272cl cpu @ 2.60ghz,16,1,56,304566,25421,8.35%,98
standard_ds5_v2,dsv2,intel xeon platinum 8272cl cpu @ 2.60ghz,16,1,56,345144,2027,0.59%,14
standard_ds5_v2,edsv5,intel xeon platinum 8370c cpu @ 2.80ghz,104,2,661.4,1708585,21877,1.28%,42
standard_e104ids_v5,edv5,intel xeon platinum 8370c cpu @ 2.80ghz,104,2,661.4,1709169,17132,1.00%,35
standard_e104id_v5,esv5,intel xeon platinum 8370c cpu @ 2.80ghz,104,2,661.4,1718000,19930,1.16%,35
standard_e104is_v5,ev5,intel xeon platinum 8370c cpu @ 2.80ghz,104,2,661.4,1507969,12223,0.81%,35
standard_e104i_v5,eadsv5,amd epyc 7763 64-core processor,112,2,661.4,2125685,28945,1.36%,35
standard_e112iads_v5,easv5,amd epyc 7763 64-core processor,112,2,661.4,2115432,31094,1.47%,35
standard_e112ias_v5,eadsv5,amd epyc 7763 64-core processor,4,1,125.8,72871,365,0.50%,35
standard_e16-4ads_v5,easv4,amd epyc 7452 32-core processor,4,2,128,73038,2310,3.16%,196
standard_e16-4as_v4,easv5,amd epyc 7763 64-core processor,4,1,125.8,72736,225,0.31%,35
standard_e16-4as_v5,edsv4,intel xeon platinum 8272cl cpu @ 2.60ghz,4,1,128,66461,1250,1.88%,189
standard_e16-4ds_v4,edsv4,intel xeon platinum 8272cl cpu @ 2.60ghz,4,1,128,67155,1596,2.38%,336
standard_e16-4ds_v4,edsv5,intel xeon platinum 8370c cpu @ 2.80ghz,4,1,125.8,68703,217,0.32%,42
standard_e16-4ds_v5,esv3,intel xeon cpu e5-2673 v4 @ 2.30ghz,4,1,128,54920,3833,6.98%,140
standard_e16-4s_v3,esv3,intel xeon platinum 8171m cpu @ 2.60ghz,4,1,128,50869,3400,6.68%,77
standard_e16-4s_v3,esv3,intel xeon platinum 8272cl cpu @ 2.60ghz,4,1,128,58019,307,0.53%,21
standard_e16-4s_v3,esv4,intel xeon platinum 8272cl cpu @ 2.60ghz,4,1,128,60316,4792,7.94%,406
standard_e16-4s_v4,esv4,intel xeon platinum 8272cl cpu @ 2.60ghz,4,1,128,66290,1010,1.52%,182
standard_e16-4s_v4,esv5,intel xeon platinum 8370c cpu @ 2.80ghz,4,1,125.8,65592,5002,7.63%,49
standard_e16-4s_v5,eadsv5,amd epyc 7763 64-core processor,8,1,125.8,153767,603,0.39%,35
standard_e16-8ads_v5,easv4,amd epyc 7452 32-core processor,8,2,128,144266,2782,1.93%,168
standard_e16-8as_v4,easv5,amd epyc 7763 64-core processor,8,1,125.8,154340,805,0.52%,35
standard_e16-8as_v5,edsv4,intel xeon platinum 8272cl cpu @ 2.60ghz,8,1,128,132939,1471,1.11%,336
standard_e16-8ds_v4,edsv4,intel xeon platinum 8272cl cpu @ 2.60ghz,8,1,128,135960,1073,0.79%,189
standard_e16-8ds_v4,edsv5,intel xeon platinum 8370c cpu @ 2.80ghz,8,1,125.8,136880,469,0.34%,49
standard_e16-8ds_v5,esv3,intel xeon cpu e5-2673 v4 @ 2.30ghz,8,1,128,103358,6272,6.07%,133
standard_e16-8s_v3,esv3,intel xeon platinum 8171m cpu @ 2.60ghz,8,1,128,102945,2982,2.90%,63
standard_e16-8s_v3,esv3,intel xeon platinum 8272cl cpu @ 2.60ghz,8,1,128,120189,963,0.80%,35
standard_e16-8s_v3,esv4,intel xeon platinum 8272cl cpu @ 2.60ghz,8,1,128,117057,6569,5.61%,392
standard_e16-8s_v4,esv4,intel xeon platinum 8272cl cpu @ 2.60ghz,8,1,128,135990,1139,0.84%,182
standard_e16-8s_v4,esv5,intel xeon platinum 8370c cpu @ 2.80ghz,8,1,125.8,121123,7984,6.59%,35
standard_e16-8s_v5,eadsv5,amd epyc 7763 64-core processor,16,1,125.8,303780,4336,1.43%,35
standard_e16ads_v5,easv4,amd epyc 7452 32-core processor,16,2,128,288136,4720,1.64%,210
standard_e16as_v4,easv4,amd epyc 7452 32-core processor,16,2,128,293186,6371,2.17%,280
standard_e16as_v4,easv5,amd epyc 7763 64-core processor,16,1,125.8,305729,2717,0.89%,35
standard_e16as_v5,eav4,amd epyc 7452 32-core processor,16,2,128,286811,4877,1.70%,182
standard_e16a_v4,eav4,amd epyc 7452 32-core processor,16,2,128,292668,7220,2.47%,196
standard_e16a_v4,edsv4,intel xeon platinum 8272cl cpu @ 2.60ghz,16,1,128,265181,2634,0.99%,336
standard_e16ds_v4,edsv4,intel xeon platinum 8272cl cpu @ 2.60ghz,16,1,128,271138,1608,0.59%,189
standard_e16ds_v4,edsv5,intel xeon platinum 8370c cpu @ 2.80ghz,16,1,125.8,271926,3097,1.14%,35
standard_e16ds_v5,edv4,intel xeon platinum 8272cl cpu @ 2.60ghz,16,1,128,265094,2803,1.06%,336
standard_e16d_v4,edv4,intel xeon platinum 8272cl cpu @ 2.60ghz,16,1,128,271196,1448,0.53%,182
standard_e16d_v4,edv5,intel xeon platinum 8370c cpu @ 2.80ghz,16,1,125.8,273081,1049,0.38%,49
standard_e16d_v5,esv3,intel xeon cpu e5-2673 v4 @ 2.30ghz,16,1,128,175905,7275,4.14%,196
standard_e16s_v3,esv3,intel xeon cpu e5-2673 v4 @ 2.30ghz,16,1,128,195755,5337,2.73%,126
standard_e16s_v3,esv3,intel xeon platinum 8171m cpu @ 2.60ghz,16,1,128,176579,9650,5.47%,112
standard_e16s_v3,esv3,intel xeon platinum 8171m cpu @ 2.60ghz,16,1,128,199681,2067,1.04%,77
standard_e16s_v3,esv3,intel xeon platinum 8272cl cpu @ 2.60ghz,16,1,128,206776,19901,9.62%,28
standard_e16s_v3,esv3,intel xeon platinum 8272cl cpu @ 2.60ghz,16,1,128,240250,984,0.41%,28
standard_e16s_v3,esv4,intel xeon platinum 8272cl cpu @ 2.60ghz,16,1,128,236972,13376,5.64%,406
standard_e16s_v4,esv4,intel xeon platinum 8272cl cpu @ 2.60ghz,16,1,128,270956,1486,0.55%,182
standard_e16s_v4,esv5,intel xeon platinum 8370c cpu @ 2.80ghz,16,1,125.8,254478,19263,7.57%,56
standard_e16s_v5,ev3,intel xeon cpu e5-2673 v4 @ 2.30ghz,16,1,128,174677,7198,4.12%,210
standard_e16_v3,ev3,intel xeon cpu e5-2673 v4 @ 2.30ghz,16,1,128,196170,4590,2.34%,189
standard_e16_v3,ev3,intel xeon platinum 8171m cpu @ 2.60ghz,16,1,128,180002,14028,7.79%,98
standard_e16_v3,ev3,intel xeon platinum 8171m cpu @ 2.60ghz,16,1,128,199986,1534,0.77%,42
standard_e16_v3,ev3,intel xeon platinum 8272cl cpu @ 2.60ghz,16,1,128,217439,13826,6.36%,28
standard_e16_v3,ev3,intel xeon platinum 8272cl cpu @ 2.60ghz,16,1,128,240246,680,0.28%,7
standard_e16_v3,ev4,intel xeon platinum 8272cl cpu @ 2.60ghz,16,1,128,237126,13328,5.62%,392
standard_e16_v4,ev4,intel xeon platinum 8272cl cpu @ 2.60ghz,16,1,128,270553,2565,0.95%,182
standard_e16_v4,ev5,intel xeon platinum 8370c cpu @ 2.80ghz,16,1,125.8,252327,18906,7.49%,49
standard_e16_v5,eadsv5,amd epyc 7763 64-core processor,20,2,157.4,375535,4506,1.20%,35
standard_e20ads_v5,easv4,amd epyc 7452 32-core processor,20,3,160,346277,7387,2.13%,14
standard_e20as_v4,easv4,amd epyc 7452 32-core processor,20,3,160,363292,8744,2.41%,280
standard_e20as_v4,easv4,amd epyc 7452 32-core processor,20,5,160,351213,7002,1.99%,196
standard_e20as_v4,easv5,amd epyc 7763 64-core processor,20,2,157.4,376978,4605,1.22%,35
standard_e20as_v5,eav4,amd epyc 7452 32-core processor,20,3,160,351049,6268,1.79%,210
standard_e20a_v4,eav4,amd epyc 7452 32-core processor,20,3,160,361845,9332,2.58%,196
standard_e20a_v4,edsv4,intel xeon platinum 8272cl cpu @ 2.60ghz,20,1,160,331456,2766,0.83%,336
standard_e20ds_v4,edsv4,intel xeon platinum 8272cl cpu @ 2.60ghz,20,1,160,339000,1496,0.44%,189
standard_e20ds_v4,edsv5,intel xeon platinum 8370c cpu @ 2.80ghz,20,1,157.2,341049,1350,0.40%,35
standard_e20ds_v5,edv4,intel xeon platinum 8272cl cpu @ 2.60ghz,20,1,160,331516,2568,0.77%,336
standard_e20d_v4,edv4,intel xeon platinum 8272cl cpu @ 2.60ghz,20,1,160,338449,2948,0.87%,189
standard_e20d_v4,edv5,intel xeon platinum 8370c cpu @ 2.80ghz,20,1,157.2,341711,1560,0.46%,42
standard_e20d_v5,esv3,intel xeon cpu e5-2673 v4 @ 2.30ghz,20,1,160,219370,7086,3.23%,224
standard_e20s_v3,esv3,intel xeon cpu e5-2673 v4 @ 2.30ghz,20,1,160,245271,1479,0.60%,112
standard_e20s_v3,esv3,intel xeon platinum 8171m cpu @ 2.60ghz,20,1,160,224353,11954,5.33%,98
standard_e20s_v3,esv3,intel xeon platinum 8171m cpu @ 2.60ghz,20,1,160,249245,2057,0.83%,98
standard_e20s_v3,esv3,intel xeon platinum 8272cl cpu @ 2.60ghz,20,1,160,280572,13326,4.75%,28
standard_e20s_v3,esv3,intel xeon platinum 8272cl cpu @ 2.60ghz,20,1,160,300197,1881,0.63%,28
standard_e20s_v3,esv4,intel xeon platinum 8272cl cpu @ 2.60ghz,20,1,160,294231,15477,5.26%,406
standard_e20s_v4,esv4,intel xeon platinum 8272cl cpu @ 2.60ghz,20,1,160,339149,1689,0.50%,182
standard_e20s_v4,esv5,intel xeon platinum 8370c cpu @ 2.80ghz,20,1,157.2,323191,23552,7.29%,35
standard_e20s_v5,ev3,intel xeon cpu e5-2673 v4 @ 2.30ghz,20,1,160,221787,10447,4.71%,238
standard_e20_v3,ev3,intel xeon cpu e5-2673 v4 @ 2.30ghz,20,1,160,243816,2644,1.08%,196
standard_e20_v3,ev3,intel xeon platinum 8171m cpu @ 2.60ghz,20,1,160,234854,10704,4.56%,70
standard_e20_v3,ev3,intel xeon platinum 8171m cpu @ 2.60ghz,20,1,160,245193,6282,2.56%,35
standard_e20_v3,ev3,intel xeon platinum 8272cl cpu @ 2.60ghz,20,1,160,293226,3480,1.19%,14
standard_e20_v3,ev3,intel xeon platinum 8272cl cpu @ 2.60ghz,20,1,160,300653,666,0.22%,7
standard_e20_v3,ev4,intel xeon platinum 8272cl cpu @ 2.60ghz,20,1,160,299681,17288,5.77%,406
standard_e20_v4,ev4,intel xeon platinum 8272cl cpu @ 2.60ghz,20,1,160,338166,4445,1.31%,175
standard_e20_v4,ev5,intel xeon platinum 8370c cpu @ 2.80ghz,20,1,157.2,307839,23401,7.60%,49
standard_e20_v5,eadsv5,amd epyc 7763 64-core processor,2,1,15.6,38922,47,0.12%,35
standard_e2ads_v5,easv4,amd epyc 7452 32-core processor,2,1,16,38070,1150,3.02%,210
standard_e2as_v4,easv4,amd epyc 7452 32-core processor,2,1,16,38155,432,1.13%,259
standard_e2as_v4,easv5,amd epyc 7763 64-core processor,2,1,15.6,38919,45,0.11%,35
standard_e2as_v5,eav4,amd epyc 7452 32-core processor,2,1,16,38008,995,2.62%,210
standard_e2a_v4,eav4,amd epyc 7452 32-core processor,2,1,16,38035,900,2.37%,196
standard_e2a_v4,edsv4,intel xeon platinum 8272cl cpu @ 2.60ghz,2,1,16,34923,1107,3.17%,336
standard_e2ds_v4,edsv4,intel xeon platinum 8272cl cpu @ 2.60ghz,2,1,16,35975,673,1.87%,189
standard_e2ds_v4,edsv5,intel xeon platinum 8370c cpu @ 2.80ghz,2,1,15.6,34923,12,0.04%,35
standard_e2ds_v5,edv4,intel xeon platinum 8272cl cpu @ 2.60ghz,2,1,16,34916,1063,3.04%,322
standard_e2d_v4,edv4,intel xeon platinum 8272cl cpu @ 2.60ghz,2,1,16,35901,490,1.36%,189
standard_e2d_v4,edv5,intel xeon platinum 8370c cpu @ 2.80ghz,2,1,15.6,34927,9,0.03%,49
standard_e2d_v5,esv3,intel xeon cpu e5-2673 v4 @ 2.30ghz,2,1,16,23704,2155,9.09%,168
standard_e2s_v3,esv3,intel xeon cpu e5-2673 v4 @ 2.30ghz,2,1,16,27008,2136,7.91%,105
standard_e2s_v3,esv3,intel xeon platinum 8171m cpu @ 2.60ghz,2,1,16,21917,1521,6.94%,112
standard_e2s_v3,esv3,intel xeon platinum 8171m cpu @ 2.60ghz,2,1,16,26729,987,3.69%,98
standard_e2s_v3,esv3,intel xeon platinum 8272cl cpu @ 2.60ghz,2,1,16,28549,3105,10.88%,42
standard_e2s_v3,esv3,intel xeon platinum 8272cl cpu @ 2.60ghz,2,1,16,31341,14,0.04%,21
standard_e2s_v3,esv4,intel xeon platinum 8272cl cpu @ 2.60ghz,2,1,16,31390,2786,8.88%,336
standard_e2s_v4,esv4,intel xeon platinum 8272cl cpu @ 2.60ghz,2,1,16,35750,491,1.37%,175
standard_e2s_v4,esv5,intel xeon platinum 8370c cpu @ 2.80ghz,2,1,15.6,31454,2465,7.84%,49
standard_e2s_v5,ev3,intel xeon cpu e5-2673 v4 @ 2.30ghz,2,1,16,23304,2074,8.90%,182
standard_e2_v3,ev3,intel xeon cpu e5-2673 v4 @ 2.30ghz,2,1,16,27615,2226,8.06%,133
standard_e2_v3,ev3,intel xeon platinum 8171m cpu @ 2.60ghz,2,1,16,24513,2428,9.90%,112
standard_e2_v3,ev3,intel xeon platinum 8171m cpu @ 2.60ghz,2,1,16,27471,1897,6.90%,84
standard_e2_v3,ev3,intel xeon platinum 8272cl cpu @ 2.60ghz,2,1,16,26171,153,0.58%,14
standard_e2_v3,ev4,intel xeon platinum 8272cl cpu @ 2.60ghz,2,1,16,30825,2765,8.97%,406
standard_e2_v4,ev4,intel xeon platinum 8272cl cpu @ 2.60ghz,2,1,16,35781,422,1.18%,182
standard_e2_v4,ev5,intel xeon platinum 8370c cpu @ 2.80ghz,2,1,15.6,31147,2390,7.67%,49
standard_e2_v5,eadsv5,amd epyc 7763 64-core processor,16,1,251.7,305170,3524,1.15%,35
standard_e32-16ads_v5,easv4,amd epyc 7452 32-core processor,16,4,256,283614,5018,1.77%,182
standard_e32-16as_v4,easv5,amd epyc 7763 64-core processor,16,1,251.7,306591,4517,1.47%,35
standard_e32-16as_v5,edsv4,intel xeon platinum 8272cl cpu @ 2.60ghz,16,1,256,265471,2268,0.85%,154
standard_e32-16ds_v4,edsv4,intel xeon platinum 8272cl cpu @ 2.60ghz,16,1,256,271264,1345,0.50%,154
standard_e32-16ds_v4,edsv4,intel xeon platinum 8272cl cpu @ 2.60ghz,16,2,256,269101,4332,1.61%,28
standard_e32-16ds_v4,edsv5,intel xeon platinum 8370c cpu @ 2.80ghz,16,1,251.7,273226,1050,0.38%,56
standard_e32-16ds_v5,esv3,intel xeon cpu e5-2673 v4 @ 2.30ghz,16,2,256,199765,7562,3.79%,119
standard_e32-16s_v3,esv3,intel xeon platinum 8171m cpu @ 2.60ghz,16,1,256,202033,3104,1.54%,77
standard_e32-16s_v3,esv3,intel xeon platinum 8272cl cpu @ 2.60ghz,16,1,256,240249,1126,0.47%,42
standard_e32-16s_v3,esv4,intel xeon platinum 8272cl cpu @ 2.60ghz,16,1,256,235620,11909,5.05%,266
standard_e32-16s_v4,esv4,intel xeon platinum 8272cl cpu @ 2.60ghz,16,1,256,271570,1334,0.49%,147
standard_e32-16s_v4,esv4,intel xeon platinum 8272cl cpu @ 2.60ghz,16,2,256,222478,3411,1.53%,14
standard_e32-16s_v4,esv4,intel xeon platinum 8272cl cpu @ 2.60ghz,16,2,256,264434,5182,1.96%,35
standard_e32-16s_v4,esv5,intel xeon platinum 8370c cpu @ 2.80ghz,16,1,251.7,232861,1867,0.80%,35
standard_e32-16s_v5,eadsv5,amd epyc 7763 64-core processor,8,1,251.7,153859,642,0.42%,35
standard_e32-8ads_v5,easv4,amd epyc 7452 32-core processor,8,4,256,143569,3393,2.36%,182
standard_e32-8as_v4,easv5,amd epyc 7763 64-core processor,8,1,251.7,153867,462,0.30%,35
standard_e32-8as_v5,edsv4,intel xeon platinum 8272cl cpu @ 2.60ghz,8,1,256,132929,1671,1.26%,182
standard_e32-8ds_v4,edsv4,intel xeon platinum 8272cl cpu @ 2.60ghz,8,1,256,136425,1166,0.85%,147
standard_e32-8ds_v4,edsv4,intel xeon platinum 8272cl cpu @ 2.60ghz,8,2,256,136743,2124,1.55%,42
standard_e32-8ds_v4,edsv5,intel xeon platinum 8370c cpu @ 2.80ghz,8,1,251.7,136995,454,0.33%,49
standard_e32-8ds_v5,esv3,intel xeon cpu e5-2673 v4 @ 2.30ghz,8,2,256,105799,5853,5.53%,98
standard_e32-8s_v3,esv3,intel xeon platinum 8171m cpu @ 2.60ghz,8,1,256,103535,2602,2.51%,105
standard_e32-8s_v3,esv3,intel xeon platinum 8272cl cpu @ 2.60ghz,8,1,256,120109,593,0.49%,28
standard_e32-8s_v3,esv4,intel xeon platinum 8272cl cpu @ 2.60ghz,8,1,256,116774,6791,5.82%,224
standard_e32-8s_v4,esv4,intel xeon platinum 8272cl cpu @ 2.60ghz,8,1,256,136061,1055,0.78%,140
standard_e32-8s_v4,esv4,intel xeon platinum 8272cl cpu @ 2.60ghz,8,2,256,136911,3347,2.44%,35
standard_e32-8s_v4,esv5,intel xeon platinum 8370c cpu @ 2.80ghz,8,1,251.7,123436,9678,7.84%,42
standard_e32-8s_v5,eadsv5,amd epyc 7763 64-core processor,32,1,251.7,599632,7739,1.29%,35
standard_e32ads_v5,easv4,amd epyc 7452 32-core processor,32,4,256,561950,7679,1.37%,42
standard_e32as_v4,easv4,amd epyc 7452 32-core processor,32,4,256,570199,14140,2.48%,294
standard_e32as_v4,easv5,amd epyc 7763 64-core processor,32,1,251.7,595261,7046,1.18%,35
standard_e32as_v5,eav4,amd epyc 7452 32-core processor,32,4,256,565363,10941,1.94%,126
standard_e32a_v4,eav4,amd epyc 7452 32-core processor,32,4,256,570615,14419,2.53%,196
standard_e32a_v4,edsv4,intel xeon platinum 8272cl cpu @ 2.60ghz,32,1,256,531560,5700,1.07%,196
standard_e32ds_v4,edsv4,intel xeon platinum 8272cl cpu @ 2.60ghz,32,1,256,538949,6669,1.24%,168
standard_e32ds_v4,edsv4,intel xeon platinum 8272cl cpu @ 2.60ghz,32,2,256,512931,5110,1.00%,14
standard_e32ds_v4,edsv4,intel xeon platinum 8272cl cpu @ 2.60ghz,32,2,256,527258,11587,2.20%,21
standard_e32ds_v4,edsv5,intel xeon platinum 8370c cpu @ 2.80ghz,32,1,251.7,545162,2334,0.43%,35
standard_e32ds_v5,edv4,intel xeon platinum 8272cl cpu @ 2.60ghz,32,1,256,530364,9914,1.87%,336
standard_e32d_v4,edv4,intel xeon platinum 8272cl cpu @ 2.60ghz,32,1,256,539487,5562,1.03%,161
standard_e32d_v4,edv4,intel xeon platinum 8272cl cpu @ 2.60ghz,32,2,256,529841,13344,2.52%,28
standard_e32d_v4,edv5,intel xeon platinum 8370c cpu @ 2.80ghz,32,1,251.7,545310,2471,0.45%,56
standard_e32d_v5,esv3,intel xeon cpu e5-2673 v4 @ 2.30ghz,32,2,256,379015,6761,1.78%,126
standard_e32s_v3,esv3,intel xeon platinum 8171m cpu @ 2.60ghz,32,1,256,397086,2450,0.62%,84
standard_e32s_v3,esv3,intel xeon platinum 8272cl cpu @ 2.60ghz,32,1,256,477740,4873,1.02%,28
standard_e32s_v3,esv4,intel xeon platinum 8272cl cpu @ 2.60ghz,32,1,256,481943,22707,4.71%,266
standard_e32s_v4,esv4,intel xeon platinum 8272cl cpu @ 2.60ghz,32,1,256,540883,3428,0.63%,154
standard_e32s_v4,esv4,intel xeon platinum 8272cl cpu @ 2.60ghz,32,2,256,533105,10700,2.01%,28
standard_e32s_v4,esv5,intel xeon platinum 8370c cpu @ 2.80ghz,32,1,251.7,495411,28367,5.73%,35
standard_e32s_v5,ev3,intel xeon cpu e5-2673 v4 @ 2.30ghz,32,2,256,349134,13895,3.98%,210
standard_e32_v3,ev3,intel xeon cpu e5-2673 v4 @ 2.30ghz,32,2,256,377052,7434,1.97%,147
standard_e32_v3,ev3,intel xeon platinum 8171m cpu @ 2.60ghz,32,1,256,352509,14689,4.17%,84
standard_e32_v3,ev3,intel xeon platinum 8171m cpu @ 2.60ghz,32,1,256,393569,5278,1.34%,70
standard_e32_v3,ev3,intel xeon platinum 8272cl cpu @ 2.60ghz,32,1,256,413946,2239,0.54%,14
standard_e32_v3,ev3,intel xeon platinum 8272cl cpu @ 2.60ghz,32,1,256,479255,2237,0.47%,14
standard_e32_v3,ev4,intel xeon platinum 8272cl cpu @ 2.60ghz,32,1,256,486051,28085,5.78%,378
standard_e32_v4,ev4,intel xeon platinum 8272cl cpu @ 2.60ghz,32,1,256,541040,2289,0.42%,154
standard_e32_v4,ev4,intel xeon platinum 8272cl cpu @ 2.60ghz,32,2,256,520279,6500,1.25%,28
standard_e32_v4,ev5,intel xeon platinum 8370c cpu @ 2.80ghz,32,1,251.7,528288,18156,3.44%,42
standard_e32_v5,eadsv5,amd epyc 7763 64-core processor,2,1,31.4,38924,52,0.13%,35
standard_e4-2ads_v5,easv4,amd epyc 7452 32-core processor,2,1,32,38105,943,2.47%,168
standard_e4-2as_v4,easv5,amd epyc 7763 64-core processor,2,1,31.4,37346,3168,8.48%,35
standard_e4-2as_v5,edsv4,intel xeon platinum 8272cl cpu @ 2.60ghz,2,1,32,34909,811,2.32%,294
standard_e4-2ds_v4,edsv4,intel xeon platinum 8272cl cpu @ 2.60ghz,2,1,32,35623,312,0.88%,189
standard_e4-2ds_v4,edsv5,intel xeon platinum 8370c cpu @ 2.80ghz,2,1,31.4,34926,10,0.03%,49
standard_e4-2ds_v5,esv3,intel xeon cpu e5-2673 v4 @ 2.30ghz,2,1,32,26468,1997,7.54%,105
standard_e4-2s_v3,esv3,intel xeon platinum 8171m cpu @ 2.60ghz,2,1,32,26457,817,3.09%,84
standard_e4-2s_v3,esv3,intel xeon platinum 8272cl cpu @ 2.60ghz,2,1,32,31350,15,0.05%,42
standard_e4-2s_v3,esv4,intel xeon platinum 8272cl cpu @ 2.60ghz,2,1,32,31443,2480,7.89%,364
standard_e4-2s_v4,esv4,intel xeon platinum 8272cl cpu @ 2.60ghz,2,1,32,35875,598,1.67%,182
standard_e4-2s_v4,esv5,intel xeon platinum 8370c cpu @ 2.80ghz,2,1,31.4,32937,2633,7.99%,49
standard_e4-2s_v5,eadsv5,amd epyc 7763 64-core processor,48,1,377.7,892509,12866,1.44%,35
standard_e48ads_v5,easv4,amd epyc 7452 32-core processor,48,6,384,832627,19565,2.35%,210
standard_e48as_v4,easv4,amd epyc 7452 32-core processor,48,6,384,841547,21858,2.60%,301
standard_e48as_v4,easv5,amd epyc 7763 64-core processor,48,1,377.7,892935,11974,1.34%,35
standard_e48as_v5,eav4,amd epyc 7452 32-core processor,48,6,384,837493,15803,1.89%,126
standard_e48a_v4,eav4,amd epyc 7452 32-core processor,48,6,384,841419,26181,3.11%,196
standard_e48a_v4,edsv4,intel xeon platinum 8272cl cpu @ 2.60ghz,48,2,384,768428,6891,0.90%,224
standard_e48ds_v4,edsv4,intel xeon platinum 8272cl cpu @ 2.60ghz,48,2,384,775434,10356,1.34%,189
standard_e48ds_v4,edsv5,intel xeon platinum 8370c cpu @ 2.80ghz,48,2,377.9,807259,9663,1.20%,35
standard_e48ds_v5,edv4,intel xeon platinum 8272cl cpu @ 2.60ghz,48,2,384,761410,21640,2.84%,336
standard_e48d_v4,edv4,intel xeon platinum 8272cl cpu @ 2.60ghz,48,2,384,772684,11745,1.52%,189
standard_e48d_v4,edv5,intel xeon platinum 8370c cpu @ 2.80ghz,48,2,377.9,801326,9677,1.21%,42
standard_e48d_v5,esv3,intel xeon cpu e5-2673 v4 @ 2.30ghz,48,2,384,570727,4290,0.75%,98
standard_e48s_v3,esv3,intel xeon platinum 8171m cpu @ 2.60ghz,48,2,384,578285,5864,1.01%,105
standard_e48s_v3,esv3,intel xeon platinum 8272cl cpu @ 2.60ghz,48,2,384,687857,6709,0.98%,35
standard_e48s_v3,esv4,intel xeon platinum 8272cl cpu @ 2.60ghz,48,2,384,693841,23265,3.35%,182
standard_e48s_v4,esv4,intel xeon platinum 8272cl cpu @ 2.60ghz,48,2,384,774071,9926,1.28%,182
standard_e48s_v4,esv5,intel xeon platinum 8370c cpu @ 2.80ghz,48,2,377.9,699578,15956,2.28%,35
standard_e48s_v5,ev3,intel xeon cpu e5-2673 v4 @ 2.30ghz,48,2,384,569428,5166,0.91%,147
standard_e48_v3,ev3,intel xeon platinum 8171m cpu @ 2.60ghz,48,2,384,577766,6460,1.12%,77
standard_e48_v3,ev3,intel xeon platinum 8272cl cpu @ 2.60ghz,48,2,384,687699,7983,1.16%,14
standard_e48_v3,ev4,intel xeon platinum 8272cl cpu @ 2.60ghz,48,2,384,686812,20561,2.99%,378
standard_e48_v4,ev4,intel xeon platinum 8272cl cpu @ 2.60ghz,48,2,384,774116,10210,1.32%,175
standard_e48_v4,ev5,intel xeon platinum 8370c cpu @ 2.80ghz,48,2,377.9,704530,25690,3.65%,35
standard_e48_v5,eadsv5,amd epyc 7763 64-core processor,4,1,31.4,72638,140,0.19%,35
standard_e4ads_v5,easv4,amd epyc 7452 32-core processor,4,1,32,71500,1260,1.76%,259
standard_e4as_v4,easv4,amd epyc 7452 32-core processor,4,1,32,75733,1444,1.91%,196
standard_e4as_v4,easv5,amd epyc 7763 64-core processor,4,1,31.4,72704,161,0.22%,35
standard_e4as_v5,eav4,amd epyc 7452 32-core processor,4,1,32,71345,949,1.33%,196
standard_e4a_v4,eav4,amd epyc 7452 32-core processor,4,1,32,75410,1431,1.90%,196
standard_e4a_v4,edsv4,intel xeon platinum 8272cl cpu @ 2.60ghz,4,1,32,65819,523,0.79%,182
standard_e4ds_v4,edsv4,intel xeon platinum 8272cl cpu @ 2.60ghz,4,1,32,66921,1294,1.93%,322
standard_e4ds_v4,edsv5,intel xeon platinum 8370c cpu @ 2.80ghz,4,1,31.4,68727,286,0.42%,63
standard_e4ds_v5,edv4,intel xeon platinum 8272cl cpu @ 2.60ghz,4,1,32,65859,786,1.19%,189
standard_e4d_v4,edv4,intel xeon platinum 8272cl cpu @ 2.60ghz,4,1,32,66889,1283,1.92%,336
standard_e4d_v4,edv5,intel xeon platinum 8370c cpu @ 2.80ghz,4,1,31.4,68699,254,0.37%,42
standard_e4d_v5,esv3,intel xeon cpu e5-2673 v4 @ 2.30ghz,4,1,32,46370,4256,9.18%,140
standard_e4s_v3,esv3,intel xeon cpu e5-2673 v4 @ 2.30ghz,4,1,32,51647,3354,6.49%,105
standard_e4s_v3,esv3,intel xeon platinum 8171m cpu @ 2.60ghz,4,1,32,47178,3791,8.04%,98
standard_e4s_v3,esv3,intel xeon platinum 8171m cpu @ 2.60ghz,4,1,32,49459,2426,4.91%,98
standard_e4s_v3,esv3,intel xeon platinum 8272cl cpu @ 2.60ghz,4,1,32,53636,4231,7.89%,84
standard_e4s_v3,esv3,intel xeon platinum 8272cl cpu @ 2.60ghz,4,1,32,57986,283,0.49%,35
standard_e4s_v3,esv4,intel xeon platinum 8272cl cpu @ 2.60ghz,4,1,32,59677,3904,6.54%,336
standard_e4s_v4,esv4,intel xeon platinum 8272cl cpu @ 2.60ghz,4,1,32,65919,696,1.06%,182
standard_e4s_v4,esv5,intel xeon platinum 8370c cpu @ 2.80ghz,4,1,31.4,65672,4558,6.94%,49
standard_e4s_v5,ev3,intel xeon cpu e5-2673 v4 @ 2.30ghz,4,1,32,46224,3713,8.03%,238
standard_e4_v3,ev3,intel xeon cpu e5-2673 v4 @ 2.30ghz,4,1,32,51755,3604,6.96%,175
standard_e4_v3,ev3,intel xeon platinum 8171m cpu @ 2.60ghz,4,1,32,48159,1286,2.67%,63
standard_e4_v3,ev3,intel xeon platinum 8171m cpu @ 2.60ghz,4,1,32,49200,3457,7.03%,42
standard_e4_v3,ev3,intel xeon platinum 8272cl cpu @ 2.60ghz,4,1,32,53476,4219,7.89%,42
standard_e4_v3,ev4,intel xeon platinum 8272cl cpu @ 2.60ghz,4,1,32,60495,4419,7.30%,406
standard_e4_v4,ev4,intel xeon platinum 8272cl cpu @ 2.60ghz,4,1,32,65742,489,0.74%,175
standard_e4_v4,ev5,intel xeon platinum 8370c cpu @ 2.80ghz,4,1,31.4,63068,5021,7.96%,49
standard_e4_v5,eadsv5,amd epyc 7763 64-core processor,16,1,503.7,307095,958,0.31%,35
standard_e64-16ads_v5,easv4,amd epyc 7452 32-core processor,16,8,512,284934,5065,1.78%,154
standard_e64-16as_v4,easv5,amd epyc 7763 64-core processor,16,1,503.7,306793,869,0.28%,35
standard_e64-16as_v5,edsv4,intel xeon platinum 8272cl cpu @ 2.60ghz,16,2,504,260677,3340,1.28%,154
standard_e64-16ds_v4,edsv4,intel xeon platinum 8272cl cpu @ 2.60ghz,16,2,504,266956,4181,1.57%,189
standard_e64-16ds_v4,edsv5,intel xeon platinum 8370c cpu @ 2.80ghz,16,2,503.9,273485,1014,0.37%,35
standard_e64-16ds_v5,esv3,intel xeon cpu e5-2673 v4 @ 2.30ghz,16,2,432,234395,2364,1.01%,42
standard_e64-16s_v3,esv3,intel xeon platinum 8171m cpu @ 2.60ghz,16,2,432,211781,7841,3.70%,161
standard_e64-16s_v3,esv3,intel xeon platinum 8272cl cpu @ 2.60ghz,16,2,432,232571,3046,1.31%,28
standard_e64-16s_v3,esv4,intel xeon platinum 8272cl cpu @ 2.60ghz,16,2,504,224499,3955,1.76%,168
standard_e64-16s_v4,esv4,intel xeon platinum 8272cl cpu @ 2.60ghz,16,2,504,266980,3951,1.48%,182
standard_e64-16s_v4,esv5,intel xeon platinum 8370c cpu @ 2.80ghz,16,2,503.9,244325,13378,5.48%,35
standard_e64-16s_v5,eadsv5,amd epyc 7763 64-core processor,32,1,503.7,598891,7892,1.32%,35
standard_e64-32ads_v5,easv4,amd epyc 7452 32-core processor,32,8,512,561951,9691,1.72%,140
standard_e64-32as_v4,easv5,amd epyc 7763 64-core processor,32,1,503.7,600716,7948,1.32%,35
standard_e64-32as_v5,edsv4,intel xeon platinum 8272cl cpu @ 2.60ghz,32,2,504,514504,4082,0.79%,98
standard_e64-32ds_v4,edsv4,intel xeon platinum 8272cl cpu @ 2.60ghz,32,2,504,521183,6655,1.28%,182
standard_e64-32ds_v4,edsv5,intel xeon platinum 8370c cpu @ 2.80ghz,32,2,503.9,536329,9334,1.74%,42
standard_e64-32ds_v5,esv3,intel xeon cpu e5-2673 v4 @ 2.30ghz,32,2,432,411194,4489,1.09%,56
standard_e64-32s_v3,esv3,intel xeon platinum 8171m cpu @ 2.60ghz,32,2,432,395227,5245,1.33%,161
standard_e64-32s_v3,esv3,intel xeon platinum 8272cl cpu @ 2.60ghz,32,2,432,464744,6855,1.48%,21
standard_e64-32s_v3,esv4,intel xeon platinum 8272cl cpu @ 2.60ghz,32,2,504,441521,30939,7.01%,168
standard_e64-32s_v4,esv4,intel xeon platinum 8272cl cpu @ 2.60ghz,32,2,504,521342,7052,1.35%,182
standard_e64-32s_v4,esv5,intel xeon platinum 8370c cpu @ 2.80ghz,32,2,503.9,499778,35333,7.07%,35
standard_e64-32s_v5,eadsv5,amd epyc 7763 64-core processor,64,1,503.7,1195479,15280,1.28%,35
standard_e64ads_v5,easv4,amd epyc 7452 32-core processor,64,8,512,1097588,26100,2.38%,280
standard_e64as_v4,easv4,amd epyc 7452 32-core processor,64,8,512,1108151,28783,2.60%,28
standard_e64as_v4,easv5,amd epyc 7763 64-core processor,64,1,503.7,1186352,19335,1.63%,35
standard_e64as_v5,eav4,amd epyc 7452 32-core processor,64,8,512,1097111,30290,2.76%,336
standard_e64a_v4,eav4,amd epyc 7452 32-core processor,64,8,512,1116891,28545,2.56%,14
standard_e64a_v4,edsv4,intel xeon platinum 8272cl cpu @ 2.60ghz,64,2,504,1005554,78398,7.80%,140
standard_e64ds_v4,edsv4,intel xeon platinum 8272cl cpu @ 2.60ghz,64,2,504,1027169,12890,1.25%,182
standard_e64ds_v4,edsv5,intel xeon platinum 8370c cpu @ 2.80ghz,64,2,503.9,1060197,13810,1.30%,42
standard_e64ds_v5,edv4,intel xeon platinum 8272cl cpu @ 2.60ghz,64,2,504,1025563,13902,1.36%,189
standard_e64d_v4,edv4,intel xeon platinum 8272cl cpu @ 2.60ghz,64,2,504,1030708,9500,0.92%,322
standard_e64d_v4,edv5,intel xeon platinum 8370c cpu @ 2.80ghz,64,2,503.9,1062425,13190,1.24%,49
standard_e64d_v5,esv3,intel xeon cpu e5-2673 v4 @ 2.30ghz,64,2,432,763127,5541,0.73%,42
standard_e64s_v3,esv3,intel xeon platinum 8171m cpu @ 2.60ghz,64,2,432,770574,7440,0.97%,161
standard_e64s_v3,esv3,intel xeon platinum 8272cl cpu @ 2.60ghz,64,2,432,913390,9287,1.02%,21
standard_e64s_v3,esv4,intel xeon platinum 8272cl cpu @ 2.60ghz,64,2,504,1024690,13752,1.34%,182
standard_e64s_v4,esv4,intel xeon platinum 8272cl cpu @ 2.60ghz,64,2,504,922196,7708,0.84%,182
standard_e64s_v4,esv5,intel xeon platinum 8370c cpu @ 2.80ghz,64,2,503.9,969853,49428,5.10%,35
standard_e64s_v5,ev3,intel xeon cpu e5-2673 v4 @ 2.30ghz,64,2,432,761587,5928,0.78%,63
standard_e64_v3,ev3,intel xeon platinum 8171m cpu @ 2.60ghz,64,2,432,765301,11204,1.46%,161
standard_e64_v3,ev3,intel xeon platinum 8272cl cpu @ 2.60ghz,64,2,432,913332,12240,1.34%,14
standard_e64_v3,ev4,intel xeon platinum 8272cl cpu @ 2.60ghz,64,2,504,1025603,13715,1.34%,182
standard_e64_v4,ev4,intel xeon platinum 8272cl cpu @ 2.60ghz,64,2,504,919491,15261,,
standard_e64_v4,ev5,intel xeon platinum 8370c cpu @ 2.80ghz,64,2,503.9,925660,15870,1.71%,35
standard_e64_v5,edsv4,intel xeon platinum 8272cl cpu @ 2.60ghz,80,2,504,n/a,-,-,-
standard_e80ids_v4,esv4,intel xeon platinum 8272cl cpu @ 2.60ghz,80,2,504,n/a,-,-,-
standard_e80is_v4,eadsv5,amd epyc 7763 64-core processor,2,1,62.8,38916,48,0.12%,35
standard_e8-2ads_v5,easv4,amd epyc 7452 32-core processor,2,1,64,38103,1078,2.83%,168
standard_e8-2as_v4,easv5,amd epyc 7763 64-core processor,2,1,62.8,38929,47,0.12%,35
standard_e8-2as_v5,edsv4,intel xeon platinum 8272cl cpu @ 2.60ghz,2,1,64,35031,965,2.76%,252
standard_e8-2ds_v4,edsv4,intel xeon platinum 8272cl cpu @ 2.60ghz,2,1,64,35831,529,1.48%,189
standard_e8-2ds_v4,edsv5,intel xeon platinum 8370c cpu @ 2.80ghz,2,1,62.8,34902,56,0.16%,42
standard_e8-2ds_v5,esv3,intel xeon cpu e5-2673 v4 @ 2.30ghz,2,1,64,26318,1665,6.33%,140
standard_e8-2s_v3,esv3,intel xeon platinum 8171m cpu @ 2.60ghz,2,1,64,27219,1167,4.29%,56
standard_e8-2s_v3,esv3,intel xeon platinum 8272cl cpu @ 2.60ghz,2,1,64,31322,38,0.12%,42
standard_e8-2s_v3,esv4,intel xeon platinum 8272cl cpu @ 2.60ghz,2,1,64,30989,2864,9.24%,406
standard_e8-2s_v4,esv4,intel xeon platinum 8272cl cpu @ 2.60ghz,2,1,64,35762,404,1.13%,182
standard_e8-2s_v4,esv5,intel xeon platinum 8370c cpu @ 2.80ghz,2,1,62.8,30473,1714,5.62%,35
standard_e8-2s_v5,eadsv5,amd epyc 7763 64-core processor,4,1,62.8,73154,920,1.26%,35
standard_e8-4ads_v5,easv4,amd epyc 7452 32-core processor,4,1,64,76060,1132,1.49%,168
standard_e8-4as_v4,easv5,amd epyc 7763 64-core processor,4,1,62.8,72735,153,0.21%,35
standard_e8-4as_v5,edsv4,intel xeon platinum 8272cl cpu @ 2.60ghz,4,1,64,66007,778,1.18%,189
standard_e8-4ds_v4,edsv4,intel xeon platinum 8272cl cpu @ 2.60ghz,4,1,64,67144,1200,1.79%,182
standard_e8-4ds_v4,edsv5,intel xeon platinum 8370c cpu @ 2.80ghz,4,1,62.8,68738,252,0.37%,42
standard_e8-4ds_v5,esv3,intel xeon cpu e5-2673 v4 @ 2.30ghz,4,1,64,52719,3706,7.03%,119
standard_e8-4s_v3,esv3,intel xeon platinum 8171m cpu @ 2.60ghz,4,1,64,49518,2675,5.40%,77
standard_e8-4s_v3,esv3,intel xeon platinum 8272cl cpu @ 2.60ghz,4,1,64,57859,378,0.65%,42
standard_e8-4s_v3,esv4,intel xeon platinum 8272cl cpu @ 2.60ghz,4,1,64,59589,4762,7.99%,406
standard_e8-4s_v4,esv4,intel xeon platinum 8272cl cpu @ 2.60ghz,4,1,64,65865,530,0.81%,182
standard_e8-4s_v4,esv5,intel xeon platinum 8370c cpu @ 2.80ghz,4,1,62.8,64115,4800,7.49%,42
standard_e8-4s_v5,eadsv5,amd epyc 7763 64-core processor,8,1,62.8,153765,572,0.37%,35
standard_e8ads_v5,easv4,amd epyc 7452 32-core processor,8,1,64,149522,2333,1.56%,210
standard_e8as_v4,easv4,amd epyc 7452 32-core processor,8,1,64,151201,3171,2.10%,259
standard_e8as_v4,easv5,amd epyc 7763 64-core processor,8,1,62.8,153881,485,0.31%,35
standard_e8as_v5,eav4,amd epyc 7452 32-core processor,8,1,64,148810,2630,1.77%,210
standard_e8a_v4,eav4,amd epyc 7452 32-core processor,8,1,64,151511,1940,1.28%,189
standard_e8a_v4,edsv4,intel xeon platinum 8272cl cpu @ 2.60ghz,8,1,64,132164,2102,1.59%,154
standard_e8ds_v4,edsv4,intel xeon platinum 8272cl cpu @ 2.60ghz,8,1,64,135576,723,0.53%,189
standard_e8ds_v4,edsv5,intel xeon platinum 8370c cpu @ 2.80ghz,8,1,62.8,136905,460,0.34%,35
standard_e8ds_v5,edv4,intel xeon platinum 8272cl cpu @ 2.60ghz,8,1,64,132382,2020,1.53%,322
standard_e8d_v4,edv4,intel xeon platinum 8272cl cpu @ 2.60ghz,8,1,64,135986,1194,0.88%,189
standard_e8d_v4,edv5,intel xeon platinum 8370c cpu @ 2.80ghz,8,1,62.8,136974,509,0.37%,49
standard_e8d_v5,esv3,intel xeon cpu e5-2673 v4 @ 2.30ghz,8,1,64,101750,7494,7.36%,126
standard_e8s_v3,esv3,intel xeon platinum 8171m cpu @ 2.60ghz,8,1,64,101526,1976,1.95%,77
standard_e8s_v3,esv3,intel xeon platinum 8272cl cpu @ 2.60ghz,8,1,64,120073,826,0.69%,35
standard_e8s_v3,esv4,intel xeon platinum 8272cl cpu @ 2.60ghz,8,1,64,117898,7464,6.33%,406
standard_e8s_v4,esv4,intel xeon platinum 8272cl cpu @ 2.60ghz,8,1,64,136061,1199,0.88%,182
standard_e8s_v4,esv5,intel xeon platinum 8370c cpu @ 2.80ghz,8,1,62.8,120429,6932,5.76%,49
standard_e8s_v5,ev3,intel xeon cpu e5-2673 v4 @ 2.30ghz,8,1,64,100794,5678,5.63%,154
standard_e8_v3,ev3,intel xeon cpu e5-2673 v4 @ 2.30ghz,8,1,64,90915,7711,8.48%,224
standard_e8_v3,ev3,intel xeon platinum 8171m cpu @ 2.60ghz,8,1,64,100458,1381,1.38%,84
standard_e8_v3,ev3,intel xeon platinum 8171m cpu @ 2.60ghz,8,1,64,89968,5738,6.38%,84
standard_e8_v3,ev4,intel xeon platinum 8272cl cpu @ 2.60ghz,8,1,64,119562,8628,7.22%,406
standard_e8_v4,ev4,intel xeon platinum 8272cl cpu @ 2.60ghz,8,1,64,135668,847,0.62%,182
standard_e8_v4,ev5,intel xeon platinum 8370c cpu @ 2.80ghz,8,1,62.8,126346,9905,7.84%,49
standard_e8_v5,eadsv5,amd epyc 7763 64-core processor,24,1,661,450787,5791,1.28%,35
standard_e96-24ads_v5,easv4,amd epyc 7452 32-core processor,24,11,672,423442,8504,2.01%,182
standard_e96-24as_v4,easv5,amd epyc 7763 64-core processor,24,1,661,448295,6035,1.35%,35
standard_e96-24as_v5,edsv5,intel xeon platinum 8370c cpu @ 2.80ghz,24,2,661.4,397038,5317,1.34%,35
standard_e96-24ds_v5,esv5,intel xeon platinum 8370c cpu @ 2.80ghz,24,2,661.4,368448,27903,7.57%,35
standard_e96-24s_v5,eadsv5,amd epyc 7763 64-core processor,48,1,661,894161,10898,1.22%,35
standard_e96-48ads_v5,easv4,amd epyc 7452 32-core processor,48,11,672,839993,14218,1.69%,70
standard_e96-48as_v4,easv5,amd epyc 7763 64-core processor,48,1,661,899801,11515,1.28%,35
standard_e96-48as_v5,edsv5,intel xeon platinum 8370c cpu @ 2.80ghz,48,2,661.4,800107,8216,1.03%,35
standard_e96-48ds_v5,esv5,intel xeon platinum 8370c cpu @ 2.80ghz,48,2,661.4,711917,43548,6.12%,35
standard_e96-48s_v5,eadsv5,amd epyc 7763 64-core processor,96,2,661.4,1832942,15387,0.84%,35
standard_e96ads_v5,easv4,amd epyc 7452 32-core processor,96,12,672,1578349,27080,1.72%,42
standard_e96as_v4,easv4,amd epyc 7452 32-core processor,96,12,672,n/a,-,-,-
standard_e96as_v4,easv5,amd epyc 7763 64-core processor,96,2,661.4,1829274,23977,1.31%,35
standard_e96as_v5,eav4,amd epyc 7452 32-core processor,96,12,672,1592228,32515,2.04%,14
standard_e96a_v4,eav4,amd epyc 7452 32-core processor,96,12,672,n/a,-,-,-
standard_e96a_v4,edsv5,intel xeon platinum 8370c cpu @ 2.80ghz,96,2,661.4,1580476,17308,1.10%,35
standard_e96ds_v5,edv5,intel xeon platinum 8370c cpu @ 2.80ghz,96,2,661.4,1584556,18706,1.18%,49
standard_e96d_v5,eadsv5,amd epyc 7763 64-core processor,96,2,661.4,1837643,18009,0.98%,35
standard_e96iads_v5,easv4,amd epyc 7452 32-core processor,96,12,672,n/a,-,-,-
standard_e96ias_v4,easv5,amd epyc 7763 64-core processor,96,2,661.4,1836489,27407,1.49%,35
standard_e96ias_v5,esv5,intel xeon platinum 8370c cpu @ 2.80ghz,96,2,661.4,1417598,86297,6.09%,35
standard_e96s_v5,ev5,intel xeon platinum 8370c cpu @ 2.80ghz,96,2,661.4,1369408,18928,1.38%,35
standard_e96_v5,f,intel xeon cpu e5-2673 v3 @ 2.40 ghz,16,2,32,253473,8597,3.39%,140
standard_f16,f,intel xeon cpu e5-2673 v4 @ 2.30 ghz,16,1,32,257457,7596,2.95%,126
standard_f16,f,intel xeon platinum 8171m cpu @ 2.60 ghz,16,1,32,244559,8036,3.29%,70
standard_f16,f,intel xeon platinum 8272cl cpu @ 2.60 ghz,16,1,32,283565,8683,3.06%,14
standard_f16,fs,intel xeon cpu e5-2673 v3 @ 2.40 ghz,16,2,32,260883,15853,6.08%,42
standard_f16s,fs,intel xeon cpu e5-2673 v4 @ 2.30 ghz,16,1,32,255762,4966,1.94%,182
standard_f16s,fs,intel xeon platinum 8171m cpu @ 2.60 ghz,16,1,32,248884,11035,4.43%,70
standard_f16s,fs,intel xeon platinum 8272cl cpu @ 2.60 ghz,16,1,32,310303,21942,7.07%,28
standard_f16s,fsv2,intel xeon platinum 8168 cpu @ 2.70 ghz,16,1,32,260760,3629,1.39%,112
standard_f16s_v2,f,intel xeon cpu e5-2673 v3 @ 2.40 ghz,1,1,2,17356,1151,6.63%,112
standard_f16s_v2,fsv2,intel xeon platinum 8168 cpu @ 2.70ghz,16,1,32,271369,1955,0.72%,280
standard_f16s_v2,fsv2,intel xeon platinum 8272cl cpu @ 2.60 ghz,16,1,32,265158,2185,0.82%,182
standard_f16s_v2,fsv2,intel xeon platinum 8272cl cpu @ 2.60ghz,16,1,32,271236,1325,0.49%,105
standard_f1,f,intel xeon cpu e5-2673 v4 @ 2.30 ghz,1,1,2,16508,1740,10.54%,154
standard_f1,f,intel xeon platinum 8171m cpu @ 2.60 ghz,1,1,2,16076,2065,12.84%,70
standard_f1,f,intel xeon platinum 8272cl cpu @ 2.60 ghz,1,1,2,20074,1612,8.03%,14
standard_f1,fs,intel xeon cpu e5-2673 v3 @ 2.40 ghz,1,1,2,16445,825,5.02%,42
standard_f1s,f,intel xeon cpu e5-2673 v3 @ 2.40 ghz,2,1,4,32770,1915,5.84%,126
standard_f1s,fs,intel xeon cpu e5-2673 v4 @ 2.30 ghz,1,1,2,17614,2873,16.31%,210
standard_f1s,fs,intel xeon platinum 8171m cpu @ 2.60 ghz,1,1,2,16053,1802,11.22%,70
standard_f1s,fs,intel xeon platinum 8272cl cpu @ 2.60 ghz,1,1,2,20007,1684,8.42%,28
standard_f2,f,intel xeon cpu e5-2673 v4 @ 2.30 ghz,2,1,4,33081,2242,6.78%,126
standard_f2,f,intel xeon platinum 8171m cpu @ 2.60 ghz,2,1,4,33310,2532,7.60%,84
standard_f2,f,intel xeon platinum 8272cl cpu @ 2.60 ghz,2,1,4,40746,2027,4.98%,14
standard_f2,fs,intel xeon cpu e5-2673 v3 @ 2.40 ghz,2,1,4,33451,3424,10.24%,70
standard_f2s,fs,intel xeon cpu e5-2673 v4 @ 2.30 ghz,2,1,4,33626,2990,8.89%,154
standard_f2s,fs,intel xeon platinum 8171m cpu @ 2.60 ghz,2,1,4,34386,3851,11.20%,98
standard_f2s,fs,intel xeon platinum 8272cl cpu @ 2.60 ghz,2,1,4,36826,344,0.94%,28
standard_f2s,fsv2,intel xeon platinum 8168 cpu @ 2.70 ghz,2,1,4,34903,1101,3.15%,112
standard_f2s_v2,fsv2,intel xeon platinum 8168 cpu @ 2.70ghz,2,1,4,35925,603,1.68%,308
standard_f2s_v2,fsv2,intel xeon platinum 8168 cpu @ 2.70 ghz,32,1,64,525608,6270,1.19%,98
standard_f2s_v2,fsv2,intel xeon platinum 8272cl cpu @ 2.60 ghz,2,1,4,34738,1331,3.83%,224
standard_f2s_v2,fsv2,intel xeon platinum 8272cl cpu @ 2.60ghz,2,1,4,35659,344,0.96%,112
standard_f32s_v2,fsv2,intel xeon platinum 8168 cpu @ 2.70ghz,32,1,64,538734,3795,0.70%,245
standard_f32s_v2,fsv2,intel xeon platinum 8168 cpu @ 2.70 ghz,48,2,96,769768,7567,0.98%,112
standard_f32s_v2,fsv2,intel xeon platinum 8272cl cpu @ 2.60 ghz,32,1,64,530137,6085,1.15%,140
standard_f32s_v2,fsv2,intel xeon platinum 8272cl cpu @ 2.60ghz,32,1,64,537915,7646,1.42%,91
standard_f48s_v2,f,intel xeon cpu e5-2673 v3 @ 2.40 ghz,4,1,8,65694,3512,5.35%,126
standard_f48s_v2,fsv2,intel xeon platinum 8168 cpu @ 2.70ghz,48,2,96,780596,8712,1.12%,182
standard_f48s_v2,fsv2,intel xeon platinum 8272cl cpu @ 2.60 ghz,48,1,96,742828,17316,2.33%,112
standard_f48s_v2,fsv2,intel xeon platinum 8272cl cpu @ 2.60ghz,48,1,96,749662,21751,2.90%,56
standard_f4,f,intel xeon cpu e5-2673 v4 @ 2.30 ghz,4,1,8,65054,3457,5.31%,154
standard_f4,f,intel xeon platinum 8171m cpu @ 2.60 ghz,4,1,8,61607,3662,5.94%,56
standard_f4,f,intel xeon platinum 8272cl cpu @ 2.60 ghz,4,1,8,76884,1763,2.29%,14
standard_f4,fs,intel xeon cpu e5-2673 v3 @ 2.40 ghz,4,1,8,67351,4407,6.54%,42
standard_f4s,fs,intel xeon cpu e5-2673 v4 @ 2.30 ghz,4,1,8,67009,4637,6.92%,196
standard_f4s,fs,intel xeon platinum 8171m cpu @ 2.60 ghz,4,1,8,63668,3375,5.30%,84
standard_f4s,fs,intel xeon platinum 8272cl cpu @ 2.60 ghz,4,1,8,79153,15034,18.99%,28
standard_f4s,fsv2,intel xeon platinum 8168 cpu @ 2.70ghz,4,1,8,65819,851,1.29%,245
standard_f4s_v2,fsv2,intel xeon platinum 8168 cpu @ 2.70 ghz,4,1,8,66828,1524,2.28%,168
standard_f4s_v2,fsv2,intel xeon platinum 8168 cpu @ 2.70 ghz,64,2,128,1030552,8106,0.79%,70
standard_f4s_v2,fsv2,intel xeon platinum 8272cl cpu @ 2.60ghz,4,1,8,65683,459,0.70%,98
standard_f4s_v2,fsv2,intel xeon platinum 8272cl cpu @ 2.60 ghz,4,1,8,66903,1047,1.57%,182
standard_f64s_v2,fsv2,intel xeon platinum 8168 cpu @ 2.70ghz,64,2,128,1035424,11557,1.12%,175
standard_f64s_v2,fsv2,intel xeon platinum 8168 cpu @ 2.70ghz,72,2,144,1126078,12094,1.07%,182
standard_f64s_v2,fsv2,intel xeon platinum 8272cl cpu @ 2.60ghz,64,2,128,1023867,17292,1.69%,63
standard_f64s_v2,fsv2,intel xeon platinum 8272cl cpu @ 2.60 ghz,64,2,128,1028052,9373,0.91%,168
standard_f72s_v2,f,intel xeon cpu e5-2673 v3 @ 2.40 ghz,8,1,16,130415,5353,4.10%,98
standard_f72s_v2,fsv2,intel xeon platinum 8168 cpu @ 2.70 ghz,72,2,144,n/a,-,-,-
standard_f72s_v2,fsv2,intel xeon platinum 8272cl cpu @ 2.60ghz,72,2,144,1120116,15662,1.40%,42
standard_f72s_v2,fsv2,intel xeon platinum 8272cl cpu @ 2.60 ghz,72,2,144,n/a,-,-,-
standard_f8,f,intel xeon cpu e5-2673 v4 @ 2.30 ghz,8,1,16,126139,2917,2.31%,126
standard_f8,f,intel xeon platinum 8171m cpu @ 2.60 ghz,8,1,16,122443,4391,3.59%,98
standard_f8,f,intel xeon platinum 8272cl cpu @ 2.60 ghz,8,1,16,144696,2172,1.50%,14
standard_f8,fs,intel xeon cpu e5-2673 v3 @ 2.40 ghz,8,1,16,128232,1272,0.99%,42
standard_f8s,fs,intel xeon cpu e5-2673 v4 @ 2.30 ghz,8,1,16,127871,5109,4.00%,154
standard_f8s,fs,intel xeon platinum 8171m cpu @ 2.60 ghz,8,1,16,122811,5481,4.46%,126
standard_f8s,fs,intel xeon platinum 8272cl cpu @ 2.60 ghz,8,1,16,154842,10354,6.69%,28
standard_f8s,fsv2,intel xeon platinum 8168 cpu @ 2.70 ghz,8,1,16,131477,2180,1.66%,140
standard_f8s_v2,fsv2,intel xeon platinum 8168 cpu @ 2.70ghz,8,1,16,136027,1272,0.94%,238
standard_f8s_v2,fsv2,intel xeon platinum 8272cl cpu @ 2.60 ghz,8,1,16,132533,1732,1.31%,210
standard_f8s_v2,fsv2,intel xeon platinum 8272cl cpu @ 2.60ghz,8,1,16,135829,912,0.67%,91
standard_f8s_v2,fxmds,intel xeon gold 6246r cpu @ 3.40ghz,12,1,247.8,228808,827,0.36%,42
standard_fx12mds,fxmds,intel xeon gold 6246r cpu @ 3.40ghz,24,1,495.8,475203,2142,0.45%,42
standard_fx24mds,fxmds,intel xeon gold 6246r cpu @ 3.40ghz,36,2,744.1,678947,10647,1.57%,42
standard_fx36mds,fxmds,intel xeon gold 6246r cpu @ 3.40ghz,48,2,992.1,899165,12000,1.33%,42
standard_fx48mds,fxmds,intel xeon gold 6246r cpu @ 3.40ghz,4,1,82.5,77794,711,0.91%,42
standard_fx4mds,standardg1,intel xeon cpu e5-2698b v3 @ 2.00 ghz,2,1,28,36386,4100,11.27%,252
standard_g1,standardg2,intel xeon cpu e5-2698b v3 @ 2.00 ghz,4,1,56,72484,5563,7.67%,252
standard_g2,standardg3,intel xeon cpu e5-2698b v3 @ 2.00 ghz,8,1,112,136618,5714,4.18%,252
standard_g3,standardg4,intel xeon cpu e5-2698b v3 @ 2.00 ghz,16,1,224,261708,3426,1.31%,238
standard_g4,standardg5,intel xeon cpu e5-2698b v3 @ 2.00 ghz,32,2,448,507423,7261,1.43%,252
standard_g5,standardgs1,intel xeon cpu e5-2698b v3 @ 2.00 ghz,2,1,28,35593,2888,8.11%,252
standard_gs1,standardgs2,intel xeon cpu e5-2698b v3 @ 2.00 ghz,4,1,56,72188,5949,8.24%,252
standard_gs2,standardgs3,intel xeon cpu e5-2698b v3 @ 2.00 ghz,8,1,112,132665,6910,5.21%,238
standard_gs3,standardgs4-4,intel xeon cpu e5-2698b v3 @ 2.00 ghz,4,1,224,79352,4935,6.22%,224
standard_gs4-4,standardgs4-8,intel xeon cpu e5-2698b v3 @ 2.00 ghz,8,1,224,137774,6887,5.00%,238
standard_gs4-8,standardgs4,intel xeon cpu e5-2698b v3 @ 2.00 ghz,16,1,224,261542,3722,1.42%,252
standard_gs4,standardgs5-16,intel xeon cpu e5-2698b v3 @ 2.00 ghz,16,2,448,278656,5235,1.88%,224
standard_gs5-16,standardgs5-8,intel xeon cpu e5-2698b v3 @ 2.00 ghz,8,2,448,157541,3151,2.00%,238
standard_gs5-8,standardgs5,intel xeon cpu e5-2698b v3 @ 2.0 0ghz,32,2,448,507026,6895,1.36%,252
standard_gs5,hbv3,amd epyc 7v73x 64-core processor,16,4,440.9,441414,16866,3.82%,35
standard_hb120-16rs_v3,hbv3,amd epyc 7v13 64-core processor,32,4,440.9,812130,29738,3.66%,7
standard_hb120-32rs_v3,hbv3,amd epyc 7v73x 64-core processor,32,4,440.9,821802,31550,3.84%,35
standard_hb120-32rs_v3,hbv3,amd epyc 7v73x 64-core processor,64,4,440.9,1602181,77107,4.81%,42
standard_hb120-64rs_v3,hbv3,amd epyc 7v13 64-core processor,96,4,440.9,2345787,74660,3.18%,7
standard_hb120-96rs_v3,hbrsv2,amd epyc 7v12 64-core processor,120,30,425.1,2583980,68594,2.65%,133
standard_hb120-96rs_v3,hbv3,amd epyc 7v73x 64-core processor,96,4,440.9,2396063,79104,3.30%,35
standard_hb120rs_v2,hbv3,amd epyc 7v13 64-core processor,120,4,440.9,2725819,62125,2.28%,7
standard_hb120rs_v3,hbs,amd epyc 7551 32-core processor,60,15,228,1023210,20154,1.97%,42
standard_hb120rs_v3,hbv3,amd epyc 7v73x 64-core processor,120,4,440.9,2736592,88258,3.23%,49
standard_hb60rs,hbs,amd epyc 7551 32-core processor,60,15,228,986593,28102,2.85%,21
standard_hb60rs,hcs,intel xeon platinum 8168 cpu @ 2.70ghz,44,2,352,963560,17319,1.80%,84
standard_hc44rs,hcs,intel xeon platinum 8168 cpu @ 2.70ghz,44,2,352,995006,25995,2.61%,21
standard_hc44rs,ls,intel xeon cpu e5-2698b v3 @ 2.00ghz,16,1,128,259512,7269,2.80%,252
standard_l16s,lsv2,amd epyc 7551 32-core processor,16,2,128,198472,3734,1.88%,70
standard_l16s_v2,ls,intel xeon cpu e5-2698b v3 @ 2.00ghz,32,2,256,506359,7472,1.48%,252
standard_l16s_v2,lsv2,amd epyc 7551 32-core processor,16,2,128,200664,2866,1.43%,448
standard_l32s,lsv2,amd epyc 7551 32-core processor,32,4,256,390015,10126,2.60%,77
standard_l32s_v2,lsv2,amd epyc 7551 32-core processor,32,4,256,396781,7237,1.82%,462
standard_l32s_v2,lsv2,amd epyc 7551 32-core processor,48,6,384,583388,15479,2.65%,77
standard_l48s_v2,ls,intel xeon cpu e5-2698b v3 @ 2.00ghz,4,1,32,69902,6012,8.60%,294
standard_l48s_v2,lsv2,amd epyc 7551 32-core processor,48,6,384,584059,13101,2.24%,112
standard_l4s,lsv2,amd epyc 7551 32-core processor,64,8,512,768442,19518,2.54%,70
standard_l64s_v2,lsv2,amd epyc 7551 32-core processor,64,8,512,774827,19205,2.48%,77
standard_l64s_v2,lsv2,amd epyc 7551 32-core processor,80,10,640,966682,22811,2.36%,77
standard_l80s_v2,ls,intel xeon cpu e5-2698b v3 @ 2.00ghz,8,1,64,133859,7026,5.25%,280
standard_l8s,lsv2,amd epyc 7551 32-core processor,8,1,64,101433,844,0.83%,448
standard_l8s_v2,lsv2,amd epyc 7551 32-core processor,8,1,64,102237,1320,1.29%,77
standard_l8s_v2,m32ms,intel xeon cpu e7-8890 v3 @ 2.50ghz,32,4,3892,414541,4739,1.14%,63
standard_m128-32ms,m32ms,intel xeon platinum 8280m cpu @ 2.70ghz,32,4,3892,380611,5653,1.49%,21
standard_m128-32ms,m64ms,intel xeon cpu e7-8890 v3 @ 2.50ghz,64,4,3892,817496,8437,1.03%,56
standard_m128-64ms,m64ms,intel xeon platinum 8280m cpu @ 2.70ghz,64,4,3892,749800,8506,1.13%,28
standard_m128-64ms,msv2,intel xeon platinum 8280m cpu @ 2.70ghz,128,4,3831.1,1907006,25958,1.36%,35
standard_m128dms_v2,msv2,intel xeon platinum 8280m cpu @ 2.70ghz,128,4,2015.9,1925932,29177,1.51%,35
standard_m128ds_v2,m,intel xeon cpu e7-8890 v3 @ 2.50ghz,128,4,2048,1643769,17798,1.08%,70
standard_m128,m,intel xeon cpu e7-8890 v3 @ 2.50ghz,128,4,3892,1631313,18162,1.11%,70
standard_m128,m,intel xeon platinum 8280m cpu @ 2.70ghz,128,4,2048,1475843,16197,1.10%,14
standard_m128m,m,intel xeon platinum 8280m cpu @ 2.70ghz,128,4,3892,1471781,17646,1.20%,14
standard_m128m,ms,intel xeon cpu e7-8890 v3 @ 2.50ghz,128,4,3892,1645242,17679,1.07%,63
standard_m128ms,ms,intel xeon platinum 8280m cpu @ 2.70ghz,128,4,3892,1479298,16978,1.15%,21
standard_m128ms,msv2,intel xeon platinum 8280m cpu @ 2.70ghz,128,4,3831.1,1907485,30641,1.61%,42
standard_m128ms_v2,ms,intel xeon cpu e7-8890 v3 @ 2.50ghz,128,4,2048,1641176,16698,1.02%,70
standard_m128s,ms,intel xeon platinum 8280m cpu @ 2.70ghz,128,4,2048,1477253,15626,1.06%,14
standard_m128s,msv2,intel xeon platinum 8280m cpu @ 2.70ghz,128,4,2015.9,1905457,53830,2.83%,35
standard_m128s_v2,m4ms,intel xeon cpu e7-8890 v3 @ 2.50ghz,4,1,437.5,56218,304,0.54%,70
standard_m16-4ms,m4ms,intel xeon platinum 8280m cpu @ 2.70ghz,4,1,437.5,48401,205,0.42%,14
standard_m16-4ms,ms,intel xeon cpu e7-8890 v3 @ 2.50ghz,8,1,437.5,110426,383,0.35%,56
standard_m16-8ms,ms,intel xeon cpu e7-8890 v3 @ 2.50ghz,16,1,437.5,220331,473,0.21%,70
standard_m16-8ms,ms,intel xeon platinum 8280m cpu @ 2.70ghz,8,1,437.5,100377,442,0.44%,28
standard_m16ms,ms,intel xeon platinum 8280m cpu @ 2.70ghz,16,1,437.5,200561,877,0.44%,14
standard_m16ms,msv2,intel xeon platinum 8280m cpu @ 2.70ghz,192,4,4031.9,2813406,47652,1.69%,35
standard_m192idms_v2,msv2,intel xeon platinum 8280m cpu @ 2.70ghz,192,4,2015.9,2818523,48260,1.71%,35
standard_m192ids_v2,msv2,intel xeon platinum 8280m cpu @ 2.70ghz,192,4,4031.9,2797557,39161,1.40%,35
standard_m192ims_v2,msv2,intel xeon platinum 8280m cpu @ 2.70ghz,192,4,2015.9,2805023,39961,1.42%,35
standard_m192is_v2,msv2,intel xeon platinum 8280m cpu @ 2.70ghz,192,4,4031.9,2794826,44549,1.59%,84
standard_m192ms_v2,msv2,intel xeon platinum 8180m cpu @ 2.50ghz,208,4,5700,3009120,58843,1.96%,42
standard_m208ms_v2,msv2,intel xeon platinum 8180m cpu @ 2.50ghz,208,4,2850,3020762,55134,1.83%,84
standard_m208ms_v2,msv2,intel xeon platinum 8180m cpu @ 2.50ghz,208,8,5700,3093184,33253,1.08%,42
standard_m208s_v2,m16ms,intel xeon cpu e7-8890 v3 @ 2.50ghz,16,1,875,220495,569,0.26%,70
standard_m32-16ms,m16ms,intel xeon platinum 8280m cpu @ 2.70ghz,16,1,875,200494,723,0.36%,14
standard_m32-16ms,ms,intel xeon cpu e7-8890 v3 @ 2.50ghz,8,1,875,110408,346,0.31%,56
standard_m32-8ms,ms,intel xeon platinum 8280m cpu @ 2.70ghz,8,1,875,100521,643,0.64%,28
standard_m32-8ms,msv2,intel xeon platinum 8280m cpu @ 2.70ghz,32,2,861.2,507318,12103,2.39%,35
standard_m32dms_v2,mls,intel xeon cpu e7-8890 v3 @ 2.50ghz,32,1,256,433173,4290,0.99%,70
standard_m32ls,mls,intel xeon platinum 8280m cpu @ 2.70ghz,32,1,256,400287,1610,0.40%,14
standard_m32ls,ms,intel xeon cpu e7-8890 v3 @ 2.50ghz,32,1,875,434866,2560,0.59%,70
standard_m32ms,ms,intel xeon platinum 8280m cpu @ 2.70ghz,32,1,875,400583,1596,0.40%,14
standard_m32ms,msv2,intel xeon platinum 8280m cpu @ 2.70ghz,32,2,861.2,501859,6988,1.39%,42
standard_m32ms_v2,mts,intel xeon cpu e7-8890 v3 @ 2.50ghz,32,1,192,435785,2164,0.50%,77
standard_m32ts,msv2,intel xeon platinum 8180m cpu @ 2.50ghz,208,8,11400,3064892,40531,1.32%,77
standard_m32ts,mts,intel xeon platinum 8280m cpu @ 2.70ghz,32,1,192,399771,1291,0.32%,7
standard_m416-208ms_v2,msv2,intel xeon platinum 8180m cpu @ 2.50ghz,208,8,5700,3085232,36568,1.19%,70
standard_m416-208s_v2,msv2,intel xeon platinum 8180m cpu @ 2.50ghz,416,8,11400,5910261,101190,1.71%,84
standard_m416ms_v2,msv2,intel xeon platinum 8180m cpu @ 2.50ghz,416,8,5700,5959252,93933,1.58%,84
standard_m416s_v2,m16ms,intel xeon cpu e7-8890 v3 @ 2.50ghz,16,2,1792,210947,2766,1.31%,77
standard_m64-16ms,m16ms,intel xeon platinum 8280m cpu @ 2.70ghz,16,2,1792,191761,3503,1.83%,7
standard_m64-16ms,m32ms,intel xeon cpu e7-8890 v3 @ 2.50ghz,32,2,1792,416909,3769,0.90%,63
standard_m64-32ms,m32ms,intel xeon cpu e7-8890 v3 @ 2.50ghz,32,3,1792,417771,4820,1.15%,7
standard_m64-32ms,m32ms,intel xeon platinum 8280m cpu @ 2.70ghz,32,2,1792,382773,3547,0.93%,14
standard_m64-32ms,msv2,intel xeon platinum 8280m cpu @ 2.70ghz,64,4,1763.9,979367,13927,1.42%,35
standard_m64dms_v2,msv2,intel xeon platinum 8280m cpu @ 2.70ghz,64,2,1007.9,980928,16781,1.71%,35
standard_m64ds_v2,m,intel xeon cpu e7-8890 v3 @ 2.50ghz,64,2,1024,821678,11118,1.35%,77
standard_m64ls,m,intel xeon cpu e7-8890 v3 @ 2.50ghz,64,2,1792,817400,9397,1.15%,56
standard_m64ls,mls,intel xeon platinum 8280m cpu @ 2.70ghz,64,2,512,759753,7639,1.01%,7
standard_m64,m,intel xeon platinum 8280m cpu @ 2.70ghz,64,2,1024,754180,5686,0.75%,7
standard_m64,mls,intel xeon cpu e7-8890 v3 @ 2.50ghz,64,2,512,820406,13530,1.65%,77
standard_m64m,m,intel xeon platinum 8280m cpu @ 2.70ghz,64,2,1792,754929,10566,1.40%,28
standard_m64m,ms,intel xeon cpu e7-8890 v3 @ 2.50ghz,64,2,1792,823449,7565,0.92%,70
standard_m64ms,ms,intel xeon platinum 8280m cpu @ 2.70ghz,64,2,1792,755541,9337,1.24%,14
standard_m64ms,msv2,intel xeon platinum 8280m cpu @ 2.70ghz,64,4,1763.9,980511,16384,1.67%,42
standard_m64ms_v2,ms,intel xeon cpu e7-8890 v3 @ 2.50ghz,64,2,1024,822245,7256,0.88%,70
standard_m64s,ms,intel xeon platinum 8280m cpu @ 2.70ghz,64,2,1024,750702,9866,1.31%,14
standard_m64s,msv2,intel xeon platinum 8280m cpu @ 2.70ghz,64,2,1007.9,977226,15256,1.56%,35
standard_m64s_v2,standardm8-2ms,intel xeon cpu e7-8890 v3 @ 2.50ghz,2,1,218.8,28041,35,0.12%,84
standard_m8-2ms,standardm8-4ms,intel xeon cpu e7-8890 v3 @ 2.50ghz,4,1,218.8,56231,348,0.62%,77
standard_m8-4ms,standardm8-4ms,intel xeon platinum 8280m cpu @ 2.70ghz,4,1,218.8,48391,280,0.58%,7
standard_m8-4ms,standardm8ms,intel xeon cpu e7-8890 v3 @ 2.50ghz,8,1,218.8,110370,366,0.33%,84
